,BDFDB,BDPRP,BFFDB,BFPRP,CLPRB,CLPRK,CLPRP,COPRK,EMFDB,ENPRP,GETCB,HYTCB,NCPRB,NGMPB,NGMPK,NGMPP,NUETB,PAPRB,PAPRP,REPRB,SOTCB,TEPRB,TETCB,WDEXB,WDPRB,WDTCB,WSTCB,WWPRB,WYTCB,CO2,State_Alabama,State_Alaska,State_Arizona,State_Arkansas,State_California,State_Colorado,State_Connecticut,State_Delaware,State_Florida,State_Georgia,State_Hawaii,State_Idaho,State_Illinois,State_Indiana,State_Iowa,State_Kansas,State_Kentucky,State_Louisiana,State_Maine,State_Maryland,State_Massachusetts,State_Michigan,State_Minnesota,State_Mississippi,State_Missouri,State_Montana,State_Nebraska,State_Nevada,State_New Hampshire,State_New Jersey,State_New Mexico,State_New York,State_North Carolina,State_North Dakota,State_Ohio,State_Oklahoma,State_Oregon,State_Pennsylvania,State_Rhode Island,State_South Carolina,State_South Dakota,State_Tennessee,State_Texas,State_Utah,State_Vermont,State_Virginia,State_Washington,State_West Virginia,State_Wisconsin,State_Wyoming,Assistance
0,3464.0,638.0,282138.0,49516.0,0.0,0.0,0.0,5.722,278674.0,48878.0,1212.0,7906.0,44275.0,557.0,1.059,526.0,97798.0,12560.0,2195.0,330919.0,90.0,441834.0,870370.0,0.0,2843.0,2843.0,1663.0,4506.0,35067.0,48.35090988,0,0,0,0,0,0,0,0,0,0,0,0,0,0,0,0,0,0,0,0,0,0,0,0,0,0,1,0,0,0,0,0,0,0,0,0,0,0,0,0,0,0,0,0,0,0,0,0,0,0,4011050.0
1,6295.0,1159.0,290063.0,50924.0,0.0,0.0,0.0,5.723,283769.0,49765.0,1212.0,13719.0,61990.0,483.0,1.061,455.0,72300.0,11978.0,2093.0,355970.0,220.0,440731.0,873303.0,0.0,2330.0,2330.0,1587.0,3917.0,46840.0,47.87762064,0,0,0,0,0,0,0,0,0,0,0,0,0,0,0,0,0,0,0,0,0,0,0,0,0,0,1,0,0,0,0,0,0,0,0,0,0,0,0,0,0,0,0,0,0,0,0,0,0,0,3743400.0
2,5916.0,1089.0,289782.0,50812.0,0.0,0.0,0.0,5.706,283866.0,49723.0,1212.0,12582.0,64686.0,459.0,1.06,433.0,58884.0,11732.0,2056.0,359674.0,373.0,430748.0,909065.0,0.0,3394.0,3394.0,1811.0,5205.0,50519.0,52.35500953,0,0,0,0,0,0,0,0,0,0,0,0,0,0,0,0,0,0,0,0,0,0,0,0,0,0,1,0,0,0,0,0,0,0,0,0,0,0,0,0,0,0,0,0,0,0,0,0,0,0,4330170.0
3,3159.0,581.0,288633.0,50698.0,0.0,0.0,0.0,5.698,285474.0,50117.0,1212.0,11935.0,77807.0,411.0,1.07,384.0,72589.0,10883.0,1910.0,371935.0,446.0,455818.0,907219.0,0.0,3699.0,3699.0,1796.0,5495.0,64215.0,50.47008377,0,0,0,0,0,0,0,0,0,0,0,0,0,0,0,0,0,0,0,0,0,0,0,0,0,0,1,0,0,0,0,0,0,0,0,0,0,0,0,0,0,0,0,0,0,0,0,0,0,0,2293019.0
4,126.0,23.0,266404.0,46669.0,0.0,0.0,0.0,5.717,266278.0,46646.0,1212.0,15702.0,46594.0,504.0,1.057,477.0,107976.0,15419.0,2697.0,317158.0,41.0,441057.0,857967.0,0.0,2958.0,2958.0,1203.0,4161.0,29639.0,50.71057586,0,0,0,0,0,0,0,0,0,0,0,0,0,0,0,0,0,0,0,0,0,0,0,0,0,0,1,0,0,0,0,0,0,0,0,0,0,0,0,0,0,0,0,0,0,0,0,0,0,0,3396859.0
5,9572.0,1762.0,168756.0,29682.0,0.0,0.0,0.0,0.0,159184.0,27920.0,1075.0,11157.0,104583.0,0.0,0.0,0.0,144970.0,0.0,0.0,351303.0,645.0,496273.0,1838918.0,0.0,63244.0,63244.0,14720.0,77964.0,91706.0,91.10054342,0,0,0,0,0,0,0,0,0,0,0,0,0,0,0,0,0,0,0,0,0,0,1,0,0,0,0,0,0,0,0,0,0,0,0,0,0,0,0,0,0,0,0,0,0,0,0,0,0,0,16796366.0
6,8987.0,1654.0,171550.0,30163.0,0.0,0.0,0.0,0.0,162563.0,28509.0,1075.0,11587.0,121517.0,0.0,0.0,0.0,145426.0,0.0,0.0,363504.0,6247.0,508930.0,1862210.0,0.0,56284.0,56284.0,14153.0,70437.0,102608.0,91.27720044,0,0,0,0,0,0,0,0,0,0,0,0,0,0,0,0,0,0,0,0,0,0,1,0,0,0,0,0,0,0,0,0,0,0,0,0,0,0,0,0,0,0,0,0,0,0,0,0,0,0,2726558.0
7,9775.0,1799.0,176402.0,30986.0,0.0,0.0,0.0,0.0,166627.0,29187.0,1075.0,9591.0,118640.0,0.0,0.0,0.0,152657.0,0.0,0.0,366439.0,10437.0,519096.0,1940174.0,0.0,58812.0,58812.0,12585.0,71397.0,97537.0,94.75605009,0,0,0,0,0,0,0,0,0,0,0,0,0,0,0,0,0,0,0,0,0,0,1,0,0,0,0,0,0,0,0,0,0,0,0,0,0,0,0,0,0,0,0,0,0,0,0,0,0,0,55322766.0
8,9191.0,1692.0,180685.0,31799.0,0.0,0.0,0.0,0.0,171494.0,30107.0,1075.0,9404.0,120386.0,0.0,0.0,0.0,147280.0,0.0,0.0,366164.0,12265.0,513444.0,1900531.0,0.0,56250.0,56250.0,8843.0,65093.0,97642.0,92.08969013,0,0,0,0,0,0,0,0,0,0,0,0,0,0,0,0,0,0,0,0,0,0,1,0,0,0,0,0,0,0,0,0,0,0,0,0,0,0,0,0,0,0,0,0,0,0,0,0,0,0,29572563.0
9,7761.0,1429.0,165989.0,29147.0,0.0,0.0,0.0,0.0,158228.0,27718.0,1075.0,7912.0,100589.0,0.0,0.0,0.0,125900.0,0.0,0.0,345949.0,473.0,471848.0,1813635.0,0.0,65241.0,65241.0,14129.0,79370.0,91129.0,89.33099915,0,0,0,0,0,0,0,0,0,0,0,0,0,0,0,0,0,0,0,0,0,0,1,0,0,0,0,0,0,0,0,0,0,0,0,0,0,0,0,0,0,0,0,0,0,0,0,0,0,0,3292766.0
10,27.0,5.0,27.0,5.0,13942.0,14.957,932.0,5.722,0.0,0.0,186.0,15317.0,17081.0,369865.0,1.112,332749.0,0.0,1026401.0,179378.0,25155.0,14.0,1435363.0,593662.0,0.0,7636.0,7636.0,412.0,8048.0,1563.0,33.40561066,0,1,0,0,0,0,0,0,0,0,0,0,0,0,0,0,0,0,0,0,0,0,0,0,0,0,0,0,0,0,0,0,0,0,0,0,0,0,0,0,0,0,0,0,0,0,0,0,0,0,2247734.0
11,29.0,5.0,29.0,5.0,14365.0,14.978,959.0,5.723,0.0,0.0,186.0,15143.0,16655.0,382940.0,1.112,344385.0,0.0,1033270.0,180547.0,23620.0,20.0,1454196.0,601492.0,0.0,6501.0,6501.0,436.0,6937.0,1305.0,33.72913017,0,1,0,0,0,0,0,0,0,0,0,0,0,0,0,0,0,0,0,0,0,0,0,0,0,0,0,0,0,0,0,0,0,0,0,0,0,0,0,0,0,0,0,0,0,0,0,0,0,0,13509662.0
12,15.0,3.0,15.0,3.0,13752.0,15.253,902.0,5.706,0.0,0.0,186.0,15151.0,16777.0,375279.0,1.1,341315.0,0.0,997415.0,174801.0,24158.0,28.0,1410604.0,604644.0,0.0,6910.0,6910.0,456.0,7366.0,1411.0,34.51458857,0,1,0,0,0,0,0,0,0,0,0,0,0,0,0,0,0,0,0,0,0,0,0,0,0,0,0,0,0,0,0,0,0,0,0,0,0,0,0,0,0,0,0,0,0,0,0,0,0,0,18236626.0
13,0.0,0.0,0.0,0.0,14867.0,15.252,975.0,5.698,0.0,0.0,186.0,14456.0,15951.0,364363.0,1.106,329361.0,0.0,968358.0,169947.0,22754.0,40.0,1370342.0,605689.0,0.0,6418.0,6418.0,386.0,6803.0,1270.0,34.25944031,0,1,0,0,0,0,0,0,0,0,0,0,0,0,0,0,0,0,0,0,0,0,0,0,0,0,0,0,0,0,0,0,0,0,0,0,0,0,0,0,0,0,0,0,0,0,0,0,0,0,13734021.0
14,21.0,4.0,21.0,4.0,17747.0,15.073,1177.0,5.717,0.0,0.0,186.0,14621.0,16298.0,380887.0,1.108,343625.0,0.0,1007501.0,176229.0,23807.0,3.0,1429942.0,614242.0,0.0,6865.0,6865.0,622.0,7488.0,1488.0,35.0278036,0,1,0,0,0,0,0,0,0,0,0,0,0,0,0,0,0,0,0,0,0,0,0,0,0,0,0,0,0,0,0,0,0,0,0,0,0,0,0,0,0,0,0,0,0,0,0,0,0,0,3345612.0
15,399.0,73.0,399.0,73.0,0.0,0.0,0.0,0.0,0.0,0.0,29.0,10574.0,15141.0,0.0,0.0,0.0,112551.0,0.0,0.0,56290.0,547.0,168841.0,307290.0,0.0,36335.0,36335.0,4415.0,40750.0,3991.0,13.81151032,0,0,0,0,0,0,0,0,0,0,0,0,0,0,0,0,0,0,0,0,0,0,0,0,0,0,0,0,1,0,0,0,0,0,0,0,0,0,0,0,0,0,0,0,0,0,0,0,0,0,3111505.0
16,245.0,45.0,245.0,45.0,0.0,0.0,0.0,0.0,0.0,0.0,29.0,13022.0,17718.0,0.0,0.0,0.0,104493.0,0.0,0.0,59871.0,875.0,164364.0,317785.0,0.0,37268.0,37268.0,4640.0,41908.0,3792.0,13.51181074,0,0,0,0,0,0,0,0,0,0,0,0,0,0,0,0,0,0,0,0,0,0,0,0,0,0,0,0,1,0,0,0,0,0,0,0,0,0,0,0,0,0,0,0,0,0,0,0,0,0,1307930.0
17,276.0,51.0,276.0,51.0,0.0,0.0,0.0,0.0,0.0,0.0,29.0,12336.0,17123.0,0.0,0.0,0.0,105195.0,0.0,0.0,56145.0,1056.0,161340.0,325655.0,0.0,34988.0,34988.0,3758.0,38747.0,3702.0,14.23973227,0,0,0,0,0,0,0,0,0,0,0,0,0,0,0,0,0,0,0,0,0,0,0,0,0,0,0,0,1,0,0,0,0,0,0,0,0,0,0,0,0,0,0,0,0,0,0,0,0,0,636384.0
18,312.0,57.0,312.0,57.0,0.0,0.0,0.0,0.0,0.0,0.0,29.0,13019.0,18137.0,0.0,0.0,0.0,113890.0,0.0,0.0,56018.0,1229.0,169909.0,319667.0,0.0,33945.0,33945.0,3624.0,37569.0,3859.0,13.9338009,0,0,0,0,0,0,0,0,0,0,0,0,0,0,0,0,0,0,0,0,0,0,0,0,0,0,0,0,1,0,0,0,0,0,0,0,0,0,0,0,0,0,0,0,0,0,0,0,0,0,739179.0
19,262.0,48.0,262.0,48.0,0.0,0.0,0.0,0.0,0.0,0.0,29.0,11837.0,16105.0,0.0,0.0,0.0,99186.0,0.0,0.0,61342.0,292.0,160528.0,316649.0,0.0,40598.0,40598.0,4377.0,44976.0,3947.0,15.27856723,0,0,0,0,0,0,0,0,0,0,0,0,0,0,0,0,0,0,0,0,0,0,0,0,0,0,0,0,1,0,0,0,0,0,0,0,0,0,0,0,0,0,0,0,0,0,0,0,0,0,1371086.0
20,0.0,0.0,0.0,0.0,310453.0,22.223,13970.0,5.722,0.0,0.0,5287.0,7012.0,31057.0,401909.0,1.1,365269.0,0.0,174681.0,30528.0,36562.0,11167.0,923606.0,807711.0,0.0,3981.0,3981.0,1523.0,5504.0,7591.0,58.82516698,0,0,0,0,0,0,0,0,0,0,0,0,0,0,0,0,0,0,0,0,0,0,0,0,0,0,0,0,0,0,0,0,0,0,0,0,0,0,0,0,0,0,0,1,0,0,0,0,0,0,612804.0
21,0.0,0.0,0.0,0.0,317768.0,22.182,14326.0,5.723,0.0,0.0,5239.0,11919.0,48162.0,346868.0,1.1,315211.0,0.0,197089.0,34438.0,53282.0,23097.0,915007.0,827453.0,0.0,3910.0,3910.0,1211.0,5120.0,7907.0,59.03113555,0,0,0,0,0,0,0,0,0,0,0,0,0,0,0,0,0,0,0,0,0,0,0,0,0,0,0,0,0,0,0,0,0,0,0,0,0,0,0,0,0,0,0,1,0,0,0,0,0,0,15437033.0
22,0.0,0.0,0.0,0.0,305328.0,22.42,13619.0,5.706,0.0,0.0,4866.0,8440.0,44435.0,326320.0,1.103,295826.0,0.0,211790.0,37117.0,50358.0,23895.0,893795.0,844319.0,0.0,4963.0,4963.0,959.0,5922.0,7234.0,61.24871623,0,0,0,0,0,0,0,0,0,0,0,0,0,0,0,0,0,0,0,0,0,0,0,0,0,0,0,0,0,0,0,0,0,0,0,0,0,0,0,0,0,0,0,1,0,0,0,0,0,0,668749.0
23,0.0,0.0,0.0,0.0,326024.0,22.632,14405.0,5.698,0.0,0.0,3572.0,7793.0,42278.0,299544.0,1.102,271808.0,0.0,210450.0,36934.0,48225.0,23623.0,884243.0,855124.0,0.0,5028.0,5028.0,919.0,5947.0,7290.0,61.50322731,0,0,0,0,0,0,0,0,0,0,0,0,0,0,0,0,0,0,0,0,0,0,0,0,0,0,0,0,0,0,0,0,0,0,0,0,0,0,0,0,0,0,0,1,0,0,0,0,0,0,448561.0
24,9.0,2.0,9.0,2.0,325216.0,22.555,14419.0,5.717,0.0,0.0,4811.0,7164.0,18788.0,461219.0,1.106,417020.0,0.0,212307.0,37136.0,23993.0,980.0,1022734.0,798313.0,0.0,3765.0,3765.0,1430.0,5195.0,5833.0,63.61302159,0,0,0,0,0,0,0,0,0,0,0,0,0,0,0,0,0,0,0,0,0,0,0,0,0,0,0,0,0,0,0,0,0,0,0,0,0,0,0,0,0,0,0,1,0,0,0,0,0,0,1243588.0
25,9254.0,1703.0,65607.0,11587.0,399856.0,14.219,28121.0,5.722,56353.0,9884.0,978.0,17652.0,94079.0,766865.0,1.441,531997.0,0.0,2161886.0,377820.0,162635.0,7.0,3491242.0,583657.0,0.0,1021.0,1021.0,1928.0,2949.0,75443.0,54.93206111,0,0,0,0,0,0,0,0,0,0,0,0,0,0,0,0,0,0,0,0,0,0,0,0,0,0,0,0,0,0,0,0,0,1,0,0,0,0,0,0,0,0,0,0,0,0,0,0,0,0,502584.0
26,10389.0,1912.0,79984.0,14117.0,394022.0,13.687,28788.0,5.723,69595.0,12205.0,978.0,23789.0,129426.0,857330.0,1.443,593998.0,0.0,2235455.0,390609.0,212086.0,7.0,3698893.0,633995.0,0.0,839.0,839.0,1837.0,2676.0,104653.0,56.92163503,0,0,0,0,0,0,0,0,0,0,0,0,0,0,0,0,0,0,0,0,0,0,0,0,0,0,0,0,0,0,0,0,0,1,0,0,0,0,0,0,0,0,0,0,0,0,0,0,0,0,477713.0
27,9756.0,1796.0,79645.0,14038.0,399835.0,13.488,29643.0,5.706,69889.0,12242.0,978.0,28952.0,127650.0,993022.0,1.405,706552.0,0.0,2627271.0,460440.0,209189.0,8.0,4229317.0,663153.0,0.0,837.0,837.0,1057.0,1894.0,97712.0,59.282972,0,0,0,0,0,0,0,0,0,0,0,0,0,0,0,0,0,0,0,0,0,0,0,0,0,0,0,0,0,0,0,0,0,1,0,0,0,0,0,0,0,0,0,0,0,0,0,0,0,0,520857.0
28,9718.0,1789.0,80390.0,14196.0,361946.0,13.407,26997.0,5.698,70672.0,12407.0,978.0,28312.0,129152.0,1187235.0,1.395,850826.0,0.0,2949752.0,517682.0,211395.0,11.0,4710328.0,683875.0,0.0,839.0,839.0,1014.0,1853.0,99852.0,57.15288871,0,0,0,0,0,0,0,0,0,0,0,0,0,0,0,0,0,0,0,0,0,0,0,0,0,0,0,0,0,0,0,0,0,1,0,0,0,0,0,0,0,0,0,0,0,0,0,0,0,0,759349.0
29,8545.0,1573.0,57786.0,10199.0,392183.0,13.617,28802.0,5.717,49241.0,8626.0,978.0,19516.0,81127.0,678977.0,1.44,471360.0,0.0,2456200.0,429631.0,141748.0,7.0,3669109.0,608353.0,0.0,865.0,865.0,1971.0,2835.0,60627.0,57.9230603,0,0,0,0,0,0,0,0,0,0,0,0,0,0,0,0,0,0,0,0,0,0,0,0,0,0,0,0,0,0,0,0,0,1,0,0,0,0,0,0,0,0,0,0,0,0,0,0,0,0,420940.0
30,22916.0,4218.0,71381.0,12718.0,515707.0,13.223,39001.0,5.722,48465.0,8500.0,2478.0,12389.0,556938.0,8659990.0,1.199,7225471.0,440109.0,6683754.0,1168080.0,709194.0,10946.0,17008753.0,12986076.0,0.0,53208.0,53208.0,27667.0,80874.0,531124.0,656.7493464,0,0,0,0,0,0,0,0,0,0,0,0,0,0,0,0,0,0,0,0,0,0,0,0,0,0,0,0,0,0,0,0,0,0,0,0,0,0,0,0,0,0,1,0,0,0,0,0,0,0,83607077.0
31,25313.0,4659.0,74708.0,13322.0,474274.0,13.036,36382.0,5.723,49395.0,8663.0,2478.0,9784.0,655250.0,8735219.0,1.209,7223841.0,403523.0,7297941.0,1275195.0,810455.0,25155.0,17721412.0,13173303.0,0.0,55169.0,55169.0,25328.0,80497.0,617833.0,664.9673475,0,0,0,0,0,0,0,0,0,0,0,0,0,0,0,0,0,0,0,0,0,0,0,0,0,0,0,0,0,0,0,0,0,0,0,0,0,0,0,0,0,0,1,0,0,0,0,0,0,0,98254981.0
32,29389.0,5409.0,76580.0,13675.0,328812.0,13.247,24823.0,5.706,47192.0,8266.0,2478.0,10255.0,738209.0,9776991.0,1.216,8041010.0,430597.0,9181148.0,1609034.0,901492.0,36299.0,20619040.0,14009870.0,0.0,59316.0,59316.0,27387.0,86703.0,689177.0,684.6895943,0,0,0,0,0,0,0,0,0,0,0,0,0,0,0,0,0,0,0,0,0,0,0,0,0,0,0,0,0,0,0,0,0,0,0,0,0,0,0,0,0,0,1,0,0,0,0,0,0,0,46570295.0
33,27689.0,5096.0,68502.0,12261.0,308449.0,13.234,23307.0,5.698,40813.0,7165.0,2478.0,13139.0,808642.0,11323138.0,1.207,9378489.0,431234.0,10608326.0,1861763.0,963581.0,48385.0,23634727.0,14234096.0,5532.0,64868.0,59336.0,21569.0,86437.0,744639.0,683.2325698,0,0,0,0,0,0,0,0,0,0,0,0,0,0,0,0,0,0,0,0,0,0,0,0,0,0,0,0,0,0,0,0,0,0,0,0,0,0,0,0,0,0,1,0,0,0,0,0,0,0,9605822.0
34,18977.0,3493.0,66021.0,11734.0,471257.0,13.12,35918.0,5.717,47044.0,8241.0,2478.0,8913.0,435590.0,9392314.0,1.19,7890459.0,411571.0,7213013.0,1261678.0,583008.0,6397.0,18071163.0,12757827.0,0.0,54367.0,54367.0,27029.0,81397.0,417802.0,655.1432269,0,0,0,0,0,0,0,0,0,0,0,0,0,0,0,0,0,0,0,0,0,0,0,0,0,0,0,0,0,0,0,0,0,0,0,0,0,0,0,0,0,0,1,0,0,0,0,0,0,0,2671308.0
35,0.0,0.0,19461.0,3413.0,270920.0,21.444,12634.0,5.722,19461.0,3413.0,759.0,17565.0,114808.0,1981005.0,1.175,1685756.0,0.0,663969.0,116038.0,149600.0,9509.0,3065494.0,1470307.0,0.0,14233.0,14233.0,1098.0,15331.0,86977.0,88.42427593,0,0,0,0,0,1,0,0,0,0,0,0,0,0,0,0,0,0,0,0,0,0,0,0,0,0,0,0,0,0,0,0,0,0,0,0,0,0,0,0,0,0,0,0,0,0,0,0,0,0,1800615.0
36,0.0,0.0,19828.0,3477.0,320001.0,21.267,15047.0,5.723,19828.0,3477.0,759.0,17479.0,118027.0,2028824.0,1.189,1706364.0,0.0,744780.0,130138.0,153379.0,13973.0,3246984.0,1477307.0,0.0,14434.0,14434.0,1090.0,15524.0,85816.0,88.77624019,0,0,0,0,0,1,0,0,0,0,0,0,0,0,0,0,0,0,0,0,0,0,0,0,0,0,0,0,0,0,0,0,0,0,0,0,0,0,0,0,0,0,0,0,0,0,0,0,0,0,1385451.0
37,0.0,0.0,19735.0,3457.0,293149.0,20.901,14026.0,5.706,19735.0,3457.0,759.0,16618.0,121433.0,2217310.0,1.2,1847402.0,0.0,966448.0,169374.0,156998.0,15336.0,3633905.0,1527222.0,0.0,14728.0,14728.0,1102.0,15831.0,88720.0,90.06168948,0,0,0,0,0,1,0,0,0,0,0,0,0,0,0,0,0,0,0,0,0,0,0,0,0,0,0,0,0,0,0,0,0,0,0,0,0,0,0,0,0,0,0,0,0,0,0,0,0,0,29876375.0
38,0.0,0.0,18725.0,3287.0,270466.0,21.018,12868.0,5.698,18725.0,3287.0,759.0,16127.0,130306.0,2394039.0,1.205,1986916.0,0.0,1096198.0,192383.0,167095.0,16780.0,3927798.0,1566652.0,0.0,16968.0,16968.0,1095.0,18063.0,96640.0,91.72734664,0,0,0,0,0,1,0,0,0,0,0,0,0,0,0,0,0,0,0,0,0,0,0,0,0,0,0,0,0,0,0,0,0,0,0,0,0,0,0,0,0,0,0,0,0,0,0,0,0,0,10796826.0
39,0.0,0.0,19861.0,3479.0,403605.0,21.379,18879.0,5.717,19861.0,3479.0,759.0,15098.0,91789.0,1965188.0,1.164,1688733.0,0.0,698737.0,122221.0,126586.0,6270.0,3194117.0,1501006.0,0.0,13804.0,13804.0,1133.0,14936.0,69662.0,91.30387161,0,0,0,0,0,1,0,0,0,0,0,0,0,0,0,0,0,0,0,0,0,0,0,0,0,0,0,0,0,0,0,0,0,0,0,0,0,0,0,0,0,0,0,0,0,0,0,0,0,0,1658730.0
40,3.0,1.0,3.0,1.0,572787.0,17.714,32336.0,5.722,0.0,0.0,337.0,93082.0,113287.0,52130.0,1.088,47921.0,0.0,132625.0,23178.0,128095.0,110.0,885637.0,406422.0,0.0,14414.0,14414.0,392.0,14805.0,19758.0,31.13795175,0,0,0,0,0,0,0,0,0,0,0,0,0,0,0,0,0,0,0,0,0,0,0,0,0,1,0,0,0,0,0,0,0,0,0,0,0,0,0,0,0,0,0,0,0,0,0,0,0,0,2257495.0
41,2.0,0.0,2.0,0.0,624772.0,17.733,35232.0,5.723,0.0,0.0,337.0,100850.0,121314.0,50821.0,1.097,46311.0,0.0,118586.0,20721.0,136249.0,275.0,930429.0,422863.0,0.0,14543.0,14543.0,389.0,14933.0,19852.0,31.25081171,0,0,0,0,0,0,0,0,0,0,0,0,0,0,0,0,0,0,0,0,0,0,0,0,0,1,0,0,0,0,0,0,0,0,0,0,0,0,0,0,0,0,0,0,0,0,0,0,0,0,1091494.0
42,1.0,0.0,1.0,0.0,684031.0,17.716,38610.0,5.706,0.0,0.0,337.0,103828.0,124266.0,47712.0,1.096,43530.0,0.0,123027.0,21561.0,143018.0,497.0,997789.0,436316.0,0.0,18334.0,18334.0,417.0,18751.0,19604.0,31.25796736,0,0,0,0,0,0,0,0,0,0,0,0,0,0,0,0,0,0,0,0,0,0,0,0,0,1,0,0,0,0,0,0,0,0,0,0,0,0,0,0,0,0,0,0,0,0,0,0,0,0,2449554.0
43,1.0,0.0,1.0,0.0,608890.0,17.666,34468.0,5.698,0.0,0.0,337.0,89090.0,111051.0,47967.0,1.102,43534.0,0.0,130946.0,22981.0,129217.0,489.0,917020.0,445912.0,0.0,17772.0,17772.0,393.0,18165.0,21135.0,32.28539515,0,0,0,0,0,0,0,0,0,0,0,0,0,0,0,0,0,0,0,0,0,0,0,0,0,1,0,0,0,0,0,0,0,0,0,0,0,0,0,0,0,0,0,0,0,0,0,0,0,0,618074.0
44,0.0,0.0,0.0,0.0,746222.0,17.825,41864.0,5.717,0.0,0.0,337.0,92144.0,110876.0,55943.0,1.089,51356.0,0.0,163249.0,28555.0,125018.0,85.0,1090432.0,403641.0,0.0,13759.0,13759.0,383.0,14143.0,18309.0,32.53164542,0,0,0,0,0,0,0,0,0,0,0,0,0,0,0,0,0,0,0,0,0,0,0,0,0,1,0,0,0,0,0,0,0,0,0,0,0,0,0,0,0,0,0,0,0,0,0,0,0,0,896759.0
45,0.0,0.0,0.0,0.0,2041073.0,25.57,79823.0,5.722,0.0,0.0,32.0,15124.0,28482.0,1667404.0,1.204,1384458.0,0.0,43693.0,7636.0,39653.0,104.0,3791823.0,762366.0,0.0,11081.0,11081.0,90.0,11171.0,13222.0,94.48890006,0,0,0,0,0,0,0,0,0,0,0,0,0,0,0,0,0,0,0,0,0,0,0,0,0,0,0,0,0,0,0,0,0,0,0,0,0,0,0,0,0,0,0,0,0,0,0,1,0,0,614068.0
46,0.0,0.0,0.0,0.0,2390309.0,25.752,92821.0,5.723,0.0,0.0,32.0,15280.0,30937.0,1836375.0,1.213,1514278.0,0.0,49372.0,8627.0,41643.0,126.0,4317700.0,753016.0,0.0,10632.0,10632.0,75.0,10706.0,15499.0,90.84162772,0,0,0,0,0,0,0,0,0,0,0,0,0,0,0,0,0,0,0,0,0,0,0,0,0,0,0,0,0,0,0,0,0,0,0,0,0,0,0,0,0,0,0,0,0,0,0,1,0,0,673413.0
47,0.0,0.0,0.0,0.0,2468639.0,25.847,95510.0,5.706,0.0,0.0,32.0,16821.0,33107.0,2159553.0,1.219,1771698.0,0.0,72689.0,12739.0,45418.0,140.0,4746299.0,831311.0,0.0,12087.0,12087.0,225.0,12311.0,16114.0,89.14479553,0,0,0,0,0,0,0,0,0,0,0,0,0,0,0,0,0,0,0,0,0,0,0,0,0,0,0,0,0,0,0,0,0,0,0,0,0,0,0,0,0,0,0,0,0,0,0,1,0,0,946699.0
48,0.0,0.0,0.0,0.0,2422224.0,25.927,93425.0,5.698,0.0,0.0,32.0,15192.0,29912.0,2598072.0,1.205,2155214.0,0.0,98325.0,17256.0,41973.0,163.0,5160593.0,829454.0,0.0,11833.0,11833.0,227.0,12060.0,14525.0,85.44599619,0,0,0,0,0,0,0,0,0,0,0,0,0,0,0,0,0,0,0,0,0,0,0,0,0,0,0,0,0,0,0,0,0,0,0,0,0,0,0,0,0,0,0,0,0,0,0,1,0,0,790383.0
49,0.0,0.0,0.0,0.0,2447181.0,25.589,95633.0,5.717,0.0,0.0,32.0,12907.0,25858.0,1562536.0,1.188,1315248.0,0.0,66157.0,11572.0,37954.0,93.0,4113828.0,768657.0,0.0,11941.0,11941.0,155.0,12096.0,12825.0,91.96307825,0,0,0,0,0,0,0,0,0,0,0,0,0,0,0,0,0,0,0,0,0,0,0,0,0,0,0,0,0,0,0,0,0,0,0,0,0,0,0,0,0,0,0,0,0,0,0,1,0,0,491426.0
50,0.0,0.0,9206.0,1615.0,0.0,0.0,0.0,5.722,9206.0,1615.0,2167.0,83395.0,109756.0,5208.0,1.123,4637.0,0.0,1230.0,215.0,151509.0,390.0,157946.0,540164.0,0.0,31050.0,31050.0,1497.0,32547.0,23804.0,18.3418212,0,0,0,0,0,0,0,0,0,0,0,1,0,0,0,0,0,0,0,0,0,0,0,0,0,0,0,0,0,0,0,0,0,0,0,0,0,0,0,0,0,0,0,0,0,0,0,0,0,0,1317624.0
51,0.0,0.0,9367.0,1643.0,0.0,0.0,0.0,5.723,9367.0,1643.0,2280.0,98306.0,128436.0,4192.0,1.106,3791.0,0.0,521.0,91.0,173010.0,4405.0,177723.0,557104.0,0.0,33266.0,33266.0,1941.0,35206.0,23444.0,18.70279024,0,0,0,0,0,0,0,0,0,0,0,1,0,0,0,0,0,0,0,0,0,0,0,0,0,0,0,0,0,0,0,0,0,0,0,0,0,0,0,0,0,0,0,0,0,0,0,0,0,0,988061.0
52,0.0,0.0,9324.0,1633.0,0.0,0.0,0.0,5.706,9324.0,1633.0,2259.0,100366.0,132184.0,2113.0,1.136,1860.0,0.0,502.0,88.0,178935.0,5388.0,181550.0,556467.0,0.0,36036.0,36036.0,1391.0,37427.0,24172.0,19.04276093,0,0,0,0,0,0,0,0,0,0,0,1,0,0,0,0,0,0,0,0,0,0,0,0,0,0,0,0,0,0,0,0,0,0,0,0,0,0,0,0,0,0,0,0,0,0,0,0,0,0,1198524.0
53,0.0,0.0,8946.0,1571.0,0.0,0.0,0.0,5.698,8946.0,1571.0,2354.0,92017.0,122586.0,1139.0,1.103,1033.0,0.0,125.0,22.0,169244.0,5500.0,170508.0,565998.0,0.0,36240.0,36240.0,1471.0,37711.0,22715.0,20.08591692,0,0,0,0,0,0,0,0,0,0,0,1,0,0,0,0,0,0,0,0,0,0,0,0,0,0,0,0,0,0,0,0,0,0,0,0,0,0,0,0,0,0,0,0,0,0,0,0,0,0,910270.0
54,0.0,0.0,8871.0,1554.0,0.0,0.0,0.0,5.717,8871.0,1554.0,2207.0,81603.0,105046.0,1192.0,1.106,1078.0,0.0,172.0,30.0,153503.0,81.0,154866.0,540252.0,0.0,32130.0,32130.0,7455.0,39585.0,21156.0,18.03591394,0,0,0,0,0,0,0,0,0,0,0,1,0,0,0,0,0,0,0,0,0,0,0,0,0,0,0,0,0,0,0,0,0,0,0,0,0,0,0,0,0,0,0,0,0,0,0,0,0,0,1895904.0
55,427.0,79.0,3632.0,641.0,335590.0,25.12,13359.0,5.722,3205.0,562.0,1701.0,13585.0,16391.0,126663.0,1.053,120288.0,310966.0,40.0,7.0,139807.0,1105.0,913066.0,2420341.0,7829.0,100463.0,92635.0,19320.0,119784.0,0.0,110.0640459,0,0,0,0,0,0,0,0,0,0,0,0,0,0,0,0,0,0,0,0,0,0,0,0,0,0,0,0,0,0,0,0,0,0,0,0,0,0,0,0,0,0,0,0,0,1,0,0,0,0,853133.0
56,440.0,81.0,7654.0,1346.0,343642.0,25.079,13702.0,5.723,7215.0,1265.0,1701.0,10285.0,16020.0,121571.0,1.053,115452.0,319562.0,40.0,7.0,140979.0,4034.0,925794.0,2401427.0,7750.0,101834.0,94084.0,15470.0,117304.0,0.0,105.5838769,0,0,0,0,0,0,0,0,0,0,0,0,0,0,0,0,0,0,0,0,0,0,0,0,0,0,0,0,0,0,0,0,0,0,0,0,0,0,0,0,0,0,0,0,0,1,0,0,0,0,5764689.0
57,699.0,129.0,6898.0,1214.0,318949.0,24.512,13012.0,5.706,6199.0,1086.0,1701.0,16067.0,26009.0,117273.0,1.052,111476.0,305826.0,29.0,5.0,159914.0,8240.0,901990.0,2501044.0,8740.0,106680.0,97941.0,20327.0,127007.0,0.0,110.0554883,0,0,0,0,0,0,0,0,0,0,0,0,0,0,0,0,0,0,0,0,0,0,0,0,0,0,0,0,0,0,0,0,0,0,0,0,0,0,0,0,0,0,0,0,0,1,0,0,0,0,2735678.0
58,323.0,60.0,853.0,153.0,320290.0,25.687,12469.0,5.698,530.0,93.0,1701.0,13529.0,25398.0,111869.0,1.052,106366.0,308013.0,34.0,6.0,142651.0,10167.0,882858.0,2460902.0,8715.0,97967.0,89252.0,18433.0,116400.0,0.0,106.76702,0,0,0,0,0,0,0,0,0,0,0,0,0,0,0,0,0,0,0,0,0,0,0,0,0,0,0,0,0,0,0,0,0,0,0,0,0,0,0,0,0,0,0,0,0,1,0,0,0,0,4195235.0
59,259.0,48.0,6036.0,1060.0,365832.0,25.546,14321.0,5.717,5777.0,1012.0,1701.0,10795.0,13300.0,134220.0,1.052,127586.0,293455.0,63.0,11.0,137589.0,803.0,931160.0,2440821.0,0.0,97882.0,97882.0,20371.0,118254.0,0.0,107.6199041,0,0,0,0,0,0,0,0,0,0,0,0,0,0,0,0,0,0,0,0,0,0,0,0,0,0,0,0,0,0,0,0,0,0,0,0,0,0,0,0,0,0,0,0,0,1,0,0,0,0,2446464.0
60,250.0,46.0,25503.0,4475.0,16596.0,25.771,644.0,5.722,25253.0,4429.0,213.0,62538.0,64645.0,4180.0,1.16,3603.0,309357.0,1471.0,257.0,154183.0,1546.0,485787.0,2207227.0,0.0,58624.0,58624.0,5411.0,64036.0,348.0,101.3548028,0,0,0,0,0,0,0,0,0,0,0,0,0,0,0,0,0,0,0,0,0,0,0,0,0,0,0,0,0,0,0,0,0,0,0,0,0,0,0,0,0,1,0,0,0,0,0,0,0,0,1102457.0
61,244.0,45.0,25649.0,4500.0,11168.0,25.905,431.0,5.723,25404.0,4455.0,213.0,80071.0,82362.0,3515.0,1.179,2982.0,332779.0,1551.0,271.0,166421.0,1679.0,515435.0,2145679.0,0.0,52821.0,52821.0,5589.0,58411.0,399.0,97.40767095,0,0,0,0,0,0,0,0,0,0,0,0,0,0,0,0,0,0,0,0,0,0,0,0,0,0,0,0,0,0,0,0,0,0,0,0,0,0,0,0,0,1,0,0,0,0,0,0,0,0,889496.0
62,2721.0,501.0,27703.0,4877.0,5922.0,25.521,232.0,5.706,24982.0,4376.0,213.0,93705.0,96669.0,3737.0,1.138,3283.0,378224.0,1198.0,210.0,186147.0,2378.0,575228.0,2233190.0,134.0,56329.0,56195.0,5446.0,61775.0,373.0,93.83598219,0,0,0,0,0,0,0,0,0,0,0,0,0,0,0,0,0,0,0,0,0,0,0,0,0,0,0,0,0,0,0,0,0,0,0,0,0,0,0,0,0,1,0,0,0,0,0,0,0,0,4038180.0
63,4025.0,741.0,28391.0,5018.0,11341.0,26.016,436.0,5.698,24366.0,4278.0,213.0,90206.0,94526.0,3221.0,1.037,3107.0,372992.0,1202.0,211.0,181028.0,3769.0,569785.0,2171765.0,1606.0,54487.0,52880.0,3625.0,58111.0,338.0,92.23669942,0,0,0,0,0,0,0,0,0,0,0,0,0,0,0,0,0,0,0,0,0,0,0,0,0,0,0,0,0,0,0,0,0,0,0,0,0,0,0,0,0,1,0,0,0,0,0,0,0,0,6964195.0
64,184.0,34.0,23845.0,4179.0,23192.0,25.841,897.0,5.717,23661.0,4145.0,213.0,89288.0,91221.0,4959.0,1.16,4276.0,261037.0,1692.0,296.0,182019.0,1294.0,472899.0,2179722.0,0.0,61479.0,61479.0,5474.0,66953.0,427.0,98.70392565,0,0,0,0,0,0,0,0,0,0,0,0,0,0,0,0,0,0,0,0,0,0,0,0,0,0,0,0,0,0,0,0,0,0,0,0,0,0,0,0,0,1,0,0,0,0,0,0,0,0,3275928.0
65,0.0,0.0,0.0,0.0,0.0,0.0,0.0,0.0,0.0,0.0,29.0,9948.0,14000.0,0.0,0.0,0.0,0.0,0.0,0.0,35637.0,1335.0,35637.0,135276.0,0.0,21418.0,21418.0,220.0,21638.0,2688.0,5.913477445,0,0,0,0,0,0,0,0,0,0,0,0,0,0,0,0,0,0,0,0,0,0,0,0,0,0,0,0,0,0,0,0,0,0,0,0,0,0,0,0,0,0,0,0,1,0,0,0,0,0,873689.0
66,0.0,0.0,0.0,0.0,0.0,0.0,0.0,0.0,0.0,0.0,29.0,11796.0,16668.0,0.0,0.0,0.0,0.0,0.0,0.0,37792.0,2029.0,37792.0,134076.0,0.0,20957.0,20957.0,167.0,21124.0,2814.0,5.831030624,0,0,0,0,0,0,0,0,0,0,0,0,0,0,0,0,0,0,0,0,0,0,0,0,0,0,0,0,0,0,0,0,0,0,0,0,0,0,0,0,0,0,0,0,1,0,0,0,0,0,4591717.0
67,0.0,0.0,0.0,0.0,0.0,0.0,0.0,0.0,0.0,0.0,29.0,11546.0,17225.0,0.0,0.0,0.0,0.0,0.0,0.0,41553.0,2252.0,41553.0,138642.0,0.0,24190.0,24190.0,137.0,24327.0,3399.0,5.854279866,0,0,0,0,0,0,0,0,0,0,0,0,0,0,0,0,0,0,0,0,0,0,0,0,0,0,0,0,0,0,0,0,0,0,0,0,0,0,0,0,0,0,0,0,1,0,0,0,0,0,493740.0
68,0.0,0.0,0.0,0.0,0.0,0.0,0.0,0.0,0.0,0.0,29.0,11906.0,18063.0,0.0,0.0,0.0,0.0,0.0,0.0,40997.0,2767.0,40997.0,136905.0,0.0,22287.0,22287.0,646.0,22933.0,3361.0,6.020390617,0,0,0,0,0,0,0,0,0,0,0,0,0,0,0,0,0,0,0,0,0,0,0,0,0,0,0,0,0,0,0,0,0,0,0,0,0,0,0,0,0,0,0,0,1,0,0,0,0,0,1121855.0
69,0.0,0.0,0.0,0.0,0.0,0.0,0.0,0.0,0.0,0.0,29.0,10619.0,14724.0,0.0,0.0,0.0,0.0,0.0,0.0,38784.0,1044.0,38784.0,140546.0,0.0,23753.0,23753.0,307.0,24060.0,3032.0,6.126831312,0,0,0,0,0,0,0,0,0,0,0,0,0,0,0,0,0,0,0,0,0,0,0,0,0,0,0,0,0,0,0,0,0,0,0,0,0,0,0,0,0,0,0,0,1,0,0,0,0,0,47317173.0
70,1770.0,326.0,17166.0,3026.0,0.0,0.0,0.0,0.0,15397.0,2700.0,315.0,31137.0,41707.0,0.0,0.0,0.0,360633.0,0.0,0.0,282334.0,10256.0,642967.0,2951822.0,15655.0,212606.0,196951.0,10855.0,223461.0,0.0,144.537737,0,0,0,0,0,0,0,0,0,1,0,0,0,0,0,0,0,0,0,0,0,0,0,0,0,0,0,0,0,0,0,0,0,0,0,0,0,0,0,0,0,0,0,0,0,0,0,0,0,0,20155611.0
71,1739.0,320.0,16168.0,2850.0,0.0,0.0,0.0,0.0,14429.0,2530.0,315.0,22201.0,43232.0,0.0,0.0,0.0,352560.0,0.0,0.0,275016.0,20716.0,627576.0,2925877.0,17323.0,207534.0,190211.0,8082.0,215617.0,0.0,141.8352401,0,0,0,0,0,0,0,0,0,1,0,0,0,0,0,0,0,0,0,0,0,0,0,0,0,0,0,0,0,0,0,0,0,0,0,0,0,0,0,0,0,0,0,0,0,0,0,0,0,0,2884817.0
72,1378.0,254.0,15154.0,2667.0,0.0,0.0,0.0,0.0,13776.0,2413.0,315.0,33656.0,54929.0,0.0,0.0,0.0,359262.0,0.0,0.0,288295.0,20958.0,647556.0,3003699.0,19163.0,211205.0,192042.0,7007.0,218212.0,0.0,141.9209237,0,0,0,0,0,0,0,0,0,1,0,0,0,0,0,0,0,0,0,0,0,0,0,0,0,0,0,0,0,0,0,0,0,0,0,0,0,0,0,0,0,0,0,0,0,0,0,0,0,0,7882488.0
73,1085.0,200.0,16987.0,2991.0,0.0,0.0,0.0,0.0,15901.0,2792.0,315.0,35230.0,57849.0,0.0,0.0,0.0,350759.0,0.0,0.0,301842.0,22304.0,652601.0,2955875.0,19523.0,220438.0,200915.0,6568.0,227006.0,0.0,136.4670209,0,0,0,0,0,0,0,0,0,1,0,0,0,0,0,0,0,0,0,0,0,0,0,0,0,0,0,0,0,0,0,0,0,0,0,0,0,0,0,0,0,0,0,0,0,0,0,0,0,0,2374660.0
74,1242.0,229.0,14563.0,2562.0,0.0,0.0,0.0,0.0,13321.0,2334.0,315.0,27804.0,30579.0,0.0,0.0,0.0,353883.0,0.0,0.0,269514.0,2461.0,623396.0,2978591.0,0.0,195948.0,195948.0,28423.0,224371.0,0.0,145.6756383,0,0,0,0,0,0,0,0,0,1,0,0,0,0,0,0,0,0,0,0,0,0,0,0,0,0,0,0,0,0,0,0,0,0,0,0,0,0,0,0,0,0,0,0,0,0,0,0,0,0,6155856.0
75,12981.0,2389.0,166925.0,29390.0,654493.0,22.752,28767.0,5.722,153944.0,27001.0,4647.0,3935.0,56205.0,6441.0,1.038,6205.0,0.0,10397.0,1817.0,257458.0,2391.0,928789.0,2777075.0,0.0,17951.0,17951.0,16378.0,34328.0,45232.0,181.8275677,0,0,0,0,0,0,0,0,0,0,0,0,0,1,0,0,0,0,0,0,0,0,0,0,0,0,0,0,0,0,0,0,0,0,0,0,0,0,0,0,0,0,0,0,0,0,0,0,0,0,11391681.0
76,12711.0,2340.0,169356.0,29811.0,713397.0,22.668,31472.0,5.723,156644.0,27471.0,4647.0,2820.0,57387.0,6168.0,1.043,5914.0,0.0,10181.0,1779.0,260439.0,3032.0,990185.0,2674436.0,0.0,17548.0,17548.0,16148.0,33696.0,46889.0,175.8904931,0,0,0,0,0,0,0,0,0,0,0,0,0,1,0,0,0,0,0,0,0,0,0,0,0,0,0,0,0,0,0,0,0,0,0,0,0,0,0,0,0,0,0,0,0,0,0,0,0,0,4052088.0
77,12630.0,2325.0,174262.0,30637.0,781628.0,22.592,34598.0,5.706,161632.0,28312.0,4647.0,2027.0,59866.0,5292.0,1.047,5054.0,0.0,9609.0,1684.0,271248.0,3693.0,1067776.0,2806168.0,0.0,20797.0,20797.0,16323.0,37120.0,49500.0,189.2161684,0,0,0,0,0,0,0,0,0,0,0,0,0,1,0,0,0,0,0,0,0,0,0,0,0,0,0,0,0,0,0,0,0,0,0,0,0,0,0,0,0,0,0,0,0,0,0,0,0,0,5700232.0
78,11434.0,2105.0,154618.0,27242.0,712235.0,22.569,31559.0,5.698,143184.0,25137.0,4647.0,2280.0,66440.0,5306.0,1.052,5044.0,0.0,8997.0,1579.0,257250.0,4160.0,983789.0,2779091.0,0.0,20438.0,20438.0,15754.0,36192.0,55354.0,176.1079655,0,0,0,0,0,0,0,0,0,0,0,0,0,1,0,0,0,0,0,0,0,0,0,0,0,0,0,0,0,0,0,0,0,0,0,0,0,0,0,0,0,0,0,0,0,0,0,0,0,0,1593785.0
79,11841.0,2179.0,155552.0,27354.0,776493.0,22.641,34295.0,5.717,143711.0,25175.0,4647.0,3553.0,51990.0,7446.0,1.027,7250.0,0.0,12686.0,2219.0,242141.0,1714.0,1038766.0,2826490.0,0.0,18061.0,18061.0,16538.0,34599.0,42077.0,187.2335142,0,0,0,0,0,0,0,0,0,0,0,0,0,1,0,0,0,0,0,0,0,0,0,0,0,0,0,0,0,0,0,0,0,0,0,0,0,0,0,0,0,0,0,0,0,0,0,0,0,0,2525723.0
80,0.0,0.0,154087.0,27026.0,0.0,0.0,0.0,5.722,154087.0,27026.0,1868.0,44365.0,80538.0,511.0,1.124,455.0,0.0,8045.0,1406.0,237289.0,15.0,245846.0,388097.0,0.0,2146.0,2146.0,519.0,2665.0,34290.0,14.80376576,0,0,0,0,0,0,0,0,0,0,0,0,0,0,0,0,0,0,0,0,0,0,0,0,0,0,0,0,0,0,0,0,0,0,0,0,0,0,0,0,1,0,0,0,0,0,0,0,0,0,76031784.0
81,0.0,0.0,160796.0,28199.0,0.0,0.0,0.0,5.723,160796.0,28199.0,1868.0,48419.0,77574.0,531.0,1.115,476.0,0.0,7463.0,1304.0,241029.0,32.0,249023.0,394141.0,0.0,2116.0,2116.0,544.0,2660.0,27255.0,14.65586638,0,0,0,0,0,0,0,0,0,0,0,0,0,0,0,0,0,0,0,0,0,0,0,0,0,0,0,0,0,0,0,0,0,0,0,0,0,0,0,0,1,0,0,0,0,0,0,0,0,0,3225820.0
82,0.0,0.0,165485.0,28987.0,0.0,0.0,0.0,5.706,165485.0,28987.0,1868.0,57048.0,84755.0,494.0,1.105,447.0,0.0,7264.0,1273.0,254033.0,29.0,261791.0,406677.0,0.0,3218.0,3218.0,575.0,3793.0,25810.0,15.52399536,0,0,0,0,0,0,0,0,0,0,0,0,0,0,0,0,0,0,0,0,0,0,0,0,0,0,0,0,0,0,0,0,0,0,0,0,0,0,0,0,1,0,0,0,0,0,0,0,0,0,3826069.0
83,0.0,0.0,164101.0,28809.0,0.0,0.0,0.0,5.698,164101.0,28809.0,1868.0,70484.0,97224.0,450.0,1.088,414.0,0.0,6644.0,1166.0,264674.0,33.0,271768.0,405954.0,0.0,2807.0,2807.0,543.0,3350.0,24839.0,15.97796876,0,0,0,0,0,0,0,0,0,0,0,0,0,0,0,0,0,0,0,0,0,0,0,0,0,0,0,0,0,0,0,0,0,0,0,0,0,0,0,0,1,0,0,0,0,0,0,0,0,0,538508.0
84,0.0,0.0,152177.0,26658.0,0.0,0.0,0.0,5.717,152177.0,26658.0,1868.0,45202.0,70354.0,614.0,1.111,552.0,0.0,9507.0,1663.0,225499.0,10.0,235620.0,389999.0,0.0,2545.0,2545.0,424.0,2968.0,23274.0,14.13943764,0,0,0,0,0,0,0,0,0,0,0,0,0,0,0,0,0,0,0,0,0,0,0,0,0,0,0,0,0,0,0,0,0,0,0,0,0,0,0,0,1,0,0,0,0,0,0,0,0,0,3577721.0
85,0.0,0.0,0.0,0.0,0.0,0.0,0.0,5.722,0.0,0.0,32506.0,16518.0,85523.0,3.0,1.041,3.0,0.0,1585.0,277.0,88587.0,33324.0,90175.0,727193.0,0.0,2291.0,2291.0,773.0,3064.0,3175.0,39.97099675,0,0,0,0,0,0,0,0,0,0,0,0,0,0,0,0,0,0,0,0,0,0,0,0,0,0,0,1,0,0,0,0,0,0,0,0,0,0,0,0,0,0,0,0,0,0,0,0,0,0,54082.0
86,0.0,0.0,0.0,0.0,0.0,0.0,0.0,5.723,0.0,0.0,31876.0,16700.0,94965.0,3.0,1.039,3.0,0.0,1637.0,286.0,98128.0,43060.0,99768.0,757955.0,0.0,2320.0,2320.0,843.0,3163.0,3329.0,40.20696595,0,0,0,0,0,0,0,0,0,0,0,0,0,0,0,0,0,0,0,0,0,0,0,0,0,0,0,1,0,0,0,0,0,0,0,0,0,0,0,0,0,0,0,0,0,0,0,0,0,0,311016629.0
87,0.0,0.0,0.0,0.0,0.0,0.0,0.0,5.706,0.0,0.0,33066.0,17127.0,101584.0,3.0,1.037,3.0,0.0,1455.0,255.0,105656.0,48548.0,107114.0,776588.0,0.0,3273.0,3273.0,799.0,4072.0,2844.0,41.38306985,0,0,0,0,0,0,0,0,0,0,0,0,0,0,0,0,0,0,0,0,0,0,0,0,0,0,0,1,0,0,0,0,0,0,0,0,0,0,0,0,0,0,0,0,0,0,0,0,0,0,535889.0
88,0.0,0.0,0.0,0.0,0.0,0.0,0.0,5.698,0.0,0.0,36359.0,19966.0,109226.0,5.0,1.043,5.0,0.0,1527.0,268.0,113331.0,49969.0,114864.0,779141.0,0.0,3196.0,3196.0,909.0,4105.0,2933.0,41.74259297,0,0,0,0,0,0,0,0,0,0,0,0,0,0,0,0,0,0,0,0,0,0,0,0,0,0,0,1,0,0,0,0,0,0,0,0,0,0,0,0,0,0,0,0,0,0,0,0,0,0,201782.0
89,0.0,0.0,0.0,0.0,0.0,0.0,0.0,5.717,0.0,0.0,30535.0,21099.0,72737.0,4.0,1.042,4.0,0.0,1606.0,281.0,75369.0,18216.0,76979.0,697627.0,0.0,2346.0,2346.0,286.0,2632.0,2886.0,38.5171354,0,0,0,0,0,0,0,0,0,0,0,0,0,0,0,0,0,0,0,0,0,0,0,0,0,0,0,1,0,0,0,0,0,0,0,0,0,0,0,0,0,0,0,0,0,0,0,0,0,0,790588.0
90,1394.0,257.0,6548.0,1161.0,0.0,0.0,0.0,0.0,5153.0,904.0,2928.0,318960.0,391102.0,848.0,1.059,801.0,0.0,0.0,0.0,468111.0,3140.0,468959.0,988158.0,0.0,64827.0,64827.0,5634.0,70461.0,66075.0,37.66506368,0,0,0,0,0,0,0,0,0,0,0,0,0,0,0,0,0,0,0,0,0,0,0,0,0,0,0,0,0,0,0,0,0,0,0,0,1,0,0,0,0,0,0,0,0,0,0,0,0,0,104123811.0
91,1481.0,273.0,7011.0,1242.0,0.0,0.0,0.0,0.0,5530.0,970.0,2839.0,352802.0,417834.0,700.0,1.062,659.0,0.0,0.0,0.0,501442.0,4827.0,502142.0,1041344.0,0.0,70785.0,70785.0,5813.0,76598.0,57366.0,38.79038331,0,0,0,0,0,0,0,0,0,0,0,0,0,0,0,0,0,0,0,0,0,0,0,0,0,0,0,0,0,0,0,0,0,0,0,0,1,0,0,0,0,0,0,0,0,0,0,0,0,0,137275588.0
92,1574.0,290.0,7251.0,1284.0,0.0,0.0,0.0,0.0,5677.0,994.0,2837.0,322671.0,401773.0,529.0,1.061,499.0,0.0,0.0,0.0,486994.0,8464.0,487523.0,1021526.0,0.0,72116.0,72116.0,5854.0,77970.0,67802.0,39.58013113,0,0,0,0,0,0,0,0,0,0,0,0,0,0,0,0,0,0,0,0,0,0,0,0,0,0,0,0,0,0,0,0,0,0,0,0,1,0,0,0,0,0,0,0,0,0,0,0,0,0,3286698.0
93,1495.0,275.0,6579.0,1168.0,0.0,0.0,0.0,0.0,5084.0,892.0,2884.0,270017.0,340834.0,420.0,1.053,399.0,0.0,0.0,0.0,426391.0,9437.0,426811.0,1027578.0,0.0,73558.0,73558.0,5420.0,78977.0,58496.0,41.83917874,0,0,0,0,0,0,0,0,0,0,0,0,0,0,0,0,0,0,0,0,0,0,0,0,0,0,0,0,0,0,0,0,0,0,0,0,1,0,0,0,0,0,0,0,0,0,0,0,0,0,13382214.0
94,1183.0,218.0,6587.0,1164.0,0.0,0.0,0.0,0.0,5404.0,947.0,2898.0,291255.0,358382.0,889.0,1.048,848.0,0.0,0.0,0.0,438941.0,2430.0,439830.0,971766.0,0.0,67931.0,67931.0,6041.0,73972.0,61799.0,37.89416845,0,0,0,0,0,0,0,0,0,0,0,0,0,0,0,0,0,0,0,0,0,0,0,0,0,0,0,0,0,0,0,0,0,0,0,0,1,0,0,0,0,0,0,0,0,0,0,0,0,0,6478283.0
95,5872.0,1081.0,32765.0,5798.0,0.0,0.0,0.0,5.722,26893.0,4717.0,107912.0,267194.0,767360.0,234094.0,1.142,205025.0,197754.0,1064744.0,186079.0,929692.0,267538.0,2426284.0,7647955.0,0.0,89236.0,89236.0,40332.0,129568.0,124715.0,353.3561319,0,0,0,0,1,0,0,0,0,0,0,0,0,0,0,0,0,0,0,0,0,0,0,0,0,0,0,0,0,0,0,0,0,0,0,0,0,0,0,0,0,0,0,0,0,0,0,0,0,0,59755992.0
96,5436.0,1001.0,34240.0,6052.0,0.0,0.0,0.0,5.723,28804.0,5051.0,108637.0,390292.0,957430.0,240221.0,1.131,212458.0,187227.0,992385.0,173403.0,1122218.0,340363.0,2542051.0,7766193.0,0.0,87833.0,87833.0,42714.0,130548.0,118138.0,356.5165476,0,0,0,0,1,0,0,0,0,0,0,0,0,0,0,0,0,0,0,0,0,0,0,0,0,0,0,0,0,0,0,0,0,0,0,0,0,0,0,0,0,0,0,0,0,0,0,0,0,0,30392556.0
97,5950.0,1095.0,35465.0,6265.0,0.0,0.0,0.0,5.706,29515.0,5170.0,108445.0,239714.0,857451.0,228906.0,1.13,202617.0,190422.0,916715.0,160658.0,1026274.0,381618.0,2362317.0,7865156.0,0.0,90644.0,90644.0,42714.0,133358.0,127674.0,358.5947178,0,0,0,0,1,0,0,0,0,0,0,0,0,0,0,0,0,0,0,0,0,0,0,0,0,0,0,0,0,0,0,0,0,0,0,0,0,0,0,0,0,0,0,0,0,0,0,0,0,0,28208367.0
98,5491.0,1011.0,31877.0,5643.0,0.0,0.0,0.0,5.698,26386.0,4632.0,99329.0,341549.0,968843.0,220789.0,1.122,196823.0,168799.0,890882.0,156350.0,1140051.0,405654.0,2420522.0,7790111.0,0.0,98358.0,98358.0,40974.0,139332.0,122311.0,358.1643733,0,0,0,0,1,0,0,0,0,0,0,0,0,0,0,0,0,0,0,0,0,0,0,0,0,0,0,0,0,0,0,0,0,0,0,0,0,0,0,0,0,0,0,0,0,0,0,0,0,0,158244985.0
99,4057.0,747.0,30601.0,5397.0,0.0,0.0,0.0,5.717,26544.0,4650.0,112878.0,128681.0,567365.0,271086.0,1.146,236648.0,193529.0,1150741.0,201284.0,737527.0,211839.0,2352883.0,7525491.0,0.0,98852.0,98852.0,40708.0,139561.0,113967.0,351.408516,0,0,0,0,1,0,0,0,0,0,0,0,0,0,0,0,0,0,0,0,0,0,0,0,0,0,0,0,0,0,0,0,0,0,0,0,0,0,0,0,0,0,0,0,0,0,0,0,0,0,30077512.0
100,60.0,11.0,60.0,11.0,0.0,0.0,0.0,0.0,0.0,0.0,72.0,27693.0,43575.0,0.0,0.0,0.0,0.0,0.0,0.0,141943.0,418.0,141943.0,392025.0,0.0,94739.0,94739.0,3570.0,98309.0,15391.0,16.15310799,0,0,0,0,0,0,0,0,0,0,0,0,0,0,0,0,0,0,1,0,0,0,0,0,0,0,0,0,0,0,0,0,0,0,0,0,0,0,0,0,0,0,0,0,0,0,0,0,0,0,795948.0
101,55.0,10.0,55.0,10.0,0.0,0.0,0.0,0.0,0.0,0.0,72.0,31221.0,53363.0,0.0,0.0,0.0,0.0,0.0,0.0,148038.0,577.0,148038.0,384730.0,0.0,91105.0,91105.0,3515.0,94619.0,21493.0,15.37643854,0,0,0,0,0,0,0,0,0,0,0,0,0,0,0,0,0,0,1,0,0,0,0,0,0,0,0,0,0,0,0,0,0,0,0,0,0,0,0,0,0,0,0,0,0,0,0,0,0,0,2223059.0
102,55.0,10.0,55.0,10.0,0.0,0.0,0.0,0.0,0.0,0.0,72.0,29689.0,52233.0,0.0,0.0,0.0,0.0,0.0,0.0,149435.0,765.0,149435.0,388172.0,0.0,93851.0,93851.0,3295.0,97146.0,21707.0,14.76307256,0,0,0,0,0,0,0,0,0,0,0,0,0,0,0,0,0,0,1,0,0,0,0,0,0,0,0,0,0,0,0,0,0,0,0,0,0,0,0,0,0,0,0,0,0,0,0,0,0,0,2491389.0
103,47.0,9.0,47.0,9.0,0.0,0.0,0.0,0.0,0.0,0.0,72.0,31162.0,54339.0,0.0,0.0,0.0,0.0,0.0,0.0,148456.0,897.0,148456.0,384261.0,0.0,91222.0,91222.0,2848.0,94070.0,22208.0,14.42640502,0,0,0,0,0,0,0,0,0,0,0,0,0,0,0,0,0,0,1,0,0,0,0,0,0,0,0,0,0,0,0,0,0,0,0,0,0,0,0,0,0,0,0,0,0,0,0,0,0,0,1093090.0
104,43.0,8.0,43.0,8.0,0.0,0.0,0.0,0.0,0.0,0.0,72.0,31317.0,43787.0,0.0,0.0,0.0,0.0,0.0,0.0,161418.0,323.0,161418.0,424754.0,0.0,113815.0,113815.0,3773.0,117588.0,12075.0,16.67908857,0,0,0,0,0,0,0,0,0,0,0,0,0,0,0,0,0,0,1,0,0,0,0,0,0,0,0,0,0,0,0,0,0,0,0,0,0,0,0,0,0,0,0,0,0,0,0,0,0,0,2818563.0
105,0.0,0.0,0.0,0.0,246549.0,18.48,13341.0,5.722,0.0,0.0,499.0,1366.0,43741.0,1422598.0,1.157,1229647.0,0.0,839040.0,146634.0,54822.0,8591.0,2563009.0,673638.0,0.0,10673.0,10673.0,407.0,11080.0,33285.0,48.84541366,0,0,0,0,0,0,0,0,0,0,0,0,0,0,0,0,0,0,0,0,0,0,0,0,0,0,0,0,0,0,1,0,0,0,0,0,0,0,0,0,0,0,0,0,0,0,0,0,0,0,2015514.0
106,0.0,0.0,0.0,0.0,257710.0,18.616,13844.0,5.723,0.0,0.0,487.0,1780.0,57673.0,1506770.0,1.159,1299732.0,0.0,986514.0,172377.0,67408.0,13076.0,2818402.0,684366.0,0.0,9312.0,9312.0,423.0,9735.0,42330.0,49.62030346,0,0,0,0,0,0,0,0,0,0,0,0,0,0,0,0,0,0,0,0,0,0,0,0,0,0,0,0,0,0,1,0,0,0,0,0,0,0,0,0,0,0,0,0,0,0,0,0,0,0,5893114.0
107,0.0,0.0,0.0,0.0,200179.0,18.549,10792.0,5.706,0.0,0.0,487.0,1361.0,72070.0,1734539.0,1.162,1493081.0,0.0,1421610.0,249143.0,85241.0,14764.0,3441568.0,703100.0,0.0,12703.0,12703.0,468.0,13171.0,55457.0,45.85390881,0,0,0,0,0,0,0,0,0,0,0,0,0,0,0,0,0,0,0,0,0,0,0,0,0,0,0,0,0,0,1,0,0,0,0,0,0,0,0,0,0,0,0,0,0,0,0,0,0,0,755535.0
108,0.0,0.0,0.0,0.0,268307.0,18.459,14536.0,5.698,0.0,0.0,885.0,1409.0,78715.0,2068295.0,1.169,1769086.0,0.0,1891645.0,331984.0,94063.0,15047.0,4322310.0,738484.0,0.0,14994.0,14994.0,354.0,15348.0,61374.0,48.94208108,0,0,0,0,0,0,0,0,0,0,0,0,0,0,0,0,0,0,0,0,0,0,0,0,0,0,0,0,0,0,1,0,0,0,0,0,0,0,0,0,0,0,0,0,0,0,0,0,0,0,1493382.0
109,0.0,0.0,0.0,0.0,357525.0,18.168,19679.0,5.717,0.0,0.0,458.0,927.0,28119.0,1436329.0,1.154,1245145.0,0.0,846659.0,148095.0,38811.0,7257.0,2679324.0,681082.0,0.0,10131.0,10131.0,561.0,10692.0,19477.0,50.69183199,0,0,0,0,0,0,0,0,0,0,0,0,0,0,0,0,0,0,0,0,0,0,0,0,0,0,0,0,0,0,1,0,0,0,0,0,0,0,0,0,0,0,0,0,0,0,0,0,0,0,1126396.0
110,21036.0,3872.0,58928.0,10518.0,5125.0,21.912,234.0,5.722,37892.0,6646.0,352.0,11711.0,24297.0,1.0,1.024,1.0,98630.0,704.0,123.0,105876.0,1876.0,210336.0,1781656.0,0.0,20211.0,20211.0,2441.0,22652.0,10357.0,119.0157079,0,0,0,0,0,0,0,0,0,0,0,0,0,0,0,0,0,0,0,0,0,0,0,0,1,0,0,0,0,0,0,0,0,0,0,0,0,0,0,0,0,0,0,0,0,0,0,0,0,0,10631411.0
111,22091.0,4066.0,61025.0,10894.0,5321.0,21.776,244.0,5.723,38934.0,6828.0,352.0,10886.0,32395.0,1.0,1.01,1.0,86853.0,664.0,116.0,116838.0,2433.0,209676.0,1742207.0,0.0,19183.0,19183.0,4235.0,23417.0,18724.0,124.5052275,0,0,0,0,0,0,0,0,0,0,0,0,0,0,0,0,0,0,0,0,0,0,0,0,1,0,0,0,0,0,0,0,0,0,0,0,0,0,0,0,0,0,0,0,0,0,0,0,0,0,4957942.0
112,27470.0,5056.0,66502.0,11893.0,5654.0,21.837,259.0,5.706,39032.0,6837.0,352.0,7542.0,36681.0,1.0,1.024,1.0,111401.0,548.0,96.0,131345.0,2980.0,248948.0,1860863.0,0.0,24807.0,24807.0,3355.0,28161.0,25807.0,124.7805316,0,0,0,0,0,0,0,0,0,0,0,0,0,0,0,0,0,0,0,0,0,0,0,0,1,0,0,0,0,0,0,0,0,0,0,0,0,0,0,0,0,0,0,0,0,0,0,0,0,0,3637928.0
113,25641.0,4719.0,63218.0,11316.0,4227.0,22.335,189.0,5.698,37578.0,6597.0,352.0,19733.0,49069.0,1.0,1.024,1.0,95961.0,484.0,85.0,140354.0,3534.0,241027.0,1805708.0,0.0,24120.0,24120.0,3946.0,28066.0,25450.0,116.985714,0,0,0,0,0,0,0,0,0,0,0,0,0,0,0,0,0,0,0,0,0,0,0,0,1,0,0,0,0,0,0,0,0,0,0,0,0,0,0,0,0,0,0,0,0,0,0,0,0,0,3478408.0
114,17585.0,3237.0,54724.0,9743.0,3178.0,22.992,138.0,5.717,37139.0,6506.0,352.0,14864.0,26386.0,1.0,1.012,1.0,109182.0,852.0,149.0,105635.0,1542.0,218848.0,1831407.0,0.0,22108.0,22108.0,2417.0,24526.0,9627.0,124.7473311,0,0,0,0,0,0,0,0,0,0,0,0,0,0,0,0,0,0,0,0,0,0,0,0,1,0,0,0,0,0,0,0,0,0,0,0,0,0,0,0,0,0,0,0,0,0,0,0,0,0,7036095.0
115,18598.0,3423.0,252801.0,44501.0,977131.0,22.424,43575.0,5.722,234203.0,41078.0,2042.0,1226.0,103746.0,2317.0,1.061,2183.0,1031331.0,49432.0,8639.0,375139.0,2033.0,2435349.0,3925630.0,0.0,7597.0,7597.0,10995.0,18592.0,98445.0,207.4305588,0,0,0,0,0,0,0,0,0,0,0,0,1,0,0,0,0,0,0,0,0,0,0,0,0,0,0,0,0,0,0,0,0,0,0,0,0,0,0,0,0,0,0,0,0,0,0,0,0,0,1325335.0
116,17714.0,3260.0,243223.0,42808.0,1079624.0,22.351,48303.0,5.723,225509.0,39548.0,2042.0,1153.0,118502.0,2260.0,1.06,2131.0,1016522.0,47581.0,8314.0,378606.0,2285.0,2524593.0,3890442.0,0.0,7430.0,7430.0,9450.0,16880.0,113023.0,205.9749865,0,0,0,0,0,0,0,0,0,0,0,0,1,0,0,0,0,0,0,0,0,0,0,0,0,0,0,0,0,0,0,0,0,0,0,0,0,0,0,0,0,0,0,0,0,0,0,0,0,0,1262924.0
117,18333.0,3374.0,226419.0,39823.0,1095887.0,22.147,49482.0,5.706,208086.0,36449.0,2042.0,1334.0,114443.0,2596.0,1.054,2464.0,1025651.0,48045.0,8420.0,359817.0,2739.0,2531996.0,4017644.0,0.0,8890.0,8890.0,10065.0,18955.0,108328.0,213.1001319,0,0,0,0,0,0,0,0,0,0,0,0,1,0,0,0,0,0,0,0,0,0,0,0,0,0,0,0,0,0,0,0,0,0,0,0,0,0,0,0,0,0,0,0,0,0,0,0,0,0,5112413.0
118,17366.0,3196.0,218212.0,38456.0,1014448.0,22.103,45895.0,5.698,200846.0,35260.0,2042.0,1103.0,135410.0,2279.0,1.06,2150.0,1030996.0,46969.0,8243.0,372731.0,3503.0,2467422.0,3951620.0,0.0,9268.0,9268.0,9841.0,19109.0,128763.0,203.43232,0,0,0,0,0,0,0,0,0,0,0,0,1,0,0,0,0,0,0,0,0,0,0,0,0,0,0,0,0,0,0,0,0,0,0,0,0,0,0,0,0,0,0,0,0,0,0,0,0,0,11321378.0
119,19087.0,3513.0,230655.0,40575.0,1252879.0,22.282,56227.0,5.717,211568.0,37062.0,2042.0,1160.0,105293.0,2210.0,1.062,2080.0,1017377.0,54426.0,9520.0,355359.0,1938.0,2682250.0,3920125.0,0.0,8185.0,8185.0,11225.0,19411.0,100154.0,219.157681,0,0,0,0,0,0,0,0,0,0,0,0,1,0,0,0,0,0,0,0,0,0,0,0,0,0,0,0,0,0,0,0,0,0,0,0,0,0,0,0,0,0,0,0,0,0,0,0,0,0,2533998.0
120,0.0,0.0,0.0,0.0,5169939.0,17.394,297218.0,5.722,0.0,0.0,663.0,8987.0,50206.0,1878141.0,1.129,1662909.0,0.0,415795.0,72666.0,54565.0,33.0,7518440.0,504984.0,0.0,4357.0,4357.0,2.0,4358.0,40522.0,61.25999315,0,0,0,0,0,0,0,0,0,0,0,0,0,0,0,0,0,0,0,0,0,0,0,0,0,0,0,0,0,0,0,0,0,0,0,0,0,0,0,0,0,0,0,0,0,0,0,0,0,1,1359346.0
121,0.0,0.0,0.0,0.0,5516757.0,17.433,316454.0,5.723,0.0,0.0,663.0,10352.0,50867.0,1788258.0,1.125,1590059.0,0.0,433655.0,75774.0,55916.0,45.0,7794586.0,534840.0,0.0,5049.0,5049.0,0.0,5049.0,39806.0,62.79648656,0,0,0,0,0,0,0,0,0,0,0,0,0,0,0,0,0,0,0,0,0,0,0,0,0,0,0,0,0,0,0,0,0,0,0,0,0,0,0,0,0,0,0,0,0,0,0,0,0,1,413987.0
122,0.0,0.0,0.0,0.0,5315953.0,17.476,304188.0,5.706,0.0,0.0,663.0,8883.0,46550.0,1842525.0,1.125,1637517.0,0.0,502031.0,87983.0,51483.0,67.0,7711992.0,557604.0,0.0,4934.0,4934.0,0.0,4934.0,36936.0,63.84608066,0,0,0,0,0,0,0,0,0,0,0,0,0,0,0,0,0,0,0,0,0,0,0,0,0,0,0,0,0,0,0,0,0,0,0,0,0,0,0,0,0,0,0,0,0,0,0,0,0,1,573639.0
123,0.0,0.0,0.0,0.0,4828513.0,17.437,276912.0,5.698,0.0,0.0,663.0,8838.0,48259.0,1684374.0,1.131,1488854.0,0.0,582170.0,102171.0,53228.0,1688.0,7148285.0,546671.0,0.0,4969.0,4969.0,0.0,4969.0,37070.0,59.09664881,0,0,0,0,0,0,0,0,0,0,0,0,0,0,0,0,0,0,0,0,0,0,0,0,0,0,0,0,0,0,0,0,0,0,0,0,0,0,0,0,0,0,0,0,0,0,0,0,0,1,570570.0
124,0.0,0.0,1192.0,209.0,6538240.0,17.399,375773.0,5.717,1192.0,209.0,663.0,8091.0,43791.0,1998295.0,1.105,1808519.0,0.0,494355.0,86471.0,49887.0,27.0,9080777.0,507121.0,0.0,4904.0,4904.0,2.0,4905.0,35009.0,64.09286316,0,0,0,0,0,0,0,0,0,0,0,0,0,0,0,0,0,0,0,0,0,0,0,0,0,0,0,0,0,0,0,0,0,0,0,0,0,0,0,0,0,0,0,0,0,0,0,0,0,1,249960.0
125,8006.0,1474.0,14736.0,2654.0,32349.0,11.272,2870.0,5.722,6731.0,1181.0,958.0,0.0,1031.0,50418.0,1.039,48504.0,61680.0,116649.0,20386.0,78133.0,73.0,339228.0,1071689.0,9243.0,60285.0,51042.0,2081.0,62366.0,0.0,62.31469737,0,0,0,0,0,0,0,0,0,0,0,0,0,0,0,0,0,0,0,0,0,0,0,1,0,0,0,0,0,0,0,0,0,0,0,0,0,0,0,0,0,0,0,0,0,0,0,0,0,0,96309030.0
126,6733.0,1239.0,13572.0,2439.0,32019.0,12.298,2604.0,5.723,6839.0,1199.0,958.0,0.0,1861.0,39719.0,1.033,38438.0,77027.0,101772.0,17783.0,71032.0,903.0,321569.0,1068298.0,7511.0,53355.0,45845.0,2243.0,55599.0,0.0,60.46289527,0,0,0,0,0,0,0,0,0,0,0,0,0,0,0,0,0,0,0,0,0,0,0,1,0,0,0,0,0,0,0,0,0,0,0,0,0,0,0,0,0,0,0,0,0,0,0,0,0,0,2686540.0
127,8408.0,1548.0,15206.0,2738.0,31979.0,10.878,2940.0,5.706,6798.0,1191.0,958.0,0.0,4039.0,36499.0,1.026,35564.0,72343.0,96734.0,16953.0,76639.0,3080.0,314194.0,1105822.0,8301.0,55962.0,47660.0,1432.0,57394.0,0.0,63.23252555,0,0,0,0,0,0,0,0,0,0,0,0,0,0,0,0,0,0,0,0,0,0,0,1,0,0,0,0,0,0,0,0,0,0,0,0,0,0,0,0,0,0,0,0,0,0,0,0,0,0,3767073.0
128,5811.0,1070.0,5811.0,1070.0,28423.0,10.537,2697.0,5.698,0.0,0.0,958.0,0.0,3966.0,34280.0,1.029,33307.0,115202.0,96171.0,16878.0,66401.0,3007.0,340476.0,1093230.0,8278.0,55062.0,46784.0,1563.0,56625.0,0.0,62.54458802,0,0,0,0,0,0,0,0,0,0,0,0,0,0,0,0,0,0,0,0,0,0,0,1,0,0,0,0,0,0,0,0,0,0,0,0,0,0,0,0,0,0,0,0,0,0,0,0,0,0,2609443.0
129,1898.0,349.0,5911.0,1052.0,34528.0,10.984,3143.0,5.717,4012.0,703.0,958.0,0.0,988.0,60476.0,1.039,58181.0,122511.0,142485.0,24923.0,60419.0,29.0,420420.0,1085042.0,0.0,51479.0,51479.0,2042.0,53521.0,0.0,61.29692129,0,0,0,0,0,0,0,0,0,0,0,0,0,0,0,0,0,0,0,0,0,0,0,1,0,0,0,0,0,0,0,0,0,0,0,0,0,0,0,0,0,0,0,0,0,0,0,0,0,0,3710526.0
130,130.0,24.0,130.0,24.0,0.0,0.0,0.0,0.0,0.0,0.0,57.0,20.0,771.0,0.0,0.0,0.0,0.0,0.0,0.0,4700.0,450.0,4700.0,185173.0,0.0,1688.0,1688.0,2110.0,3799.0,245.0,9.588941638,0,0,0,0,0,0,0,0,0,0,0,0,0,0,0,0,0,0,0,0,0,0,0,0,0,0,0,0,0,0,0,0,0,0,0,0,0,0,1,0,0,0,0,0,0,0,0,0,0,0,489512.0
131,156.0,29.0,156.0,29.0,0.0,0.0,0.0,0.0,0.0,0.0,57.0,22.0,2129.0,0.0,0.0,0.0,0.0,0.0,0.0,5967.0,679.0,5967.0,182325.0,0.0,1645.0,1645.0,2037.0,3682.0,1372.0,9.965275351,0,0,0,0,0,0,0,0,0,0,0,0,0,0,0,0,0,0,0,0,0,0,0,0,0,0,0,0,0,0,0,0,0,0,0,0,0,0,1,0,0,0,0,0,0,0,0,0,0,0,547069.0
132,305.0,56.0,305.0,56.0,0.0,0.0,0.0,0.0,0.0,0.0,57.0,37.0,2710.0,0.0,0.0,0.0,0.0,0.0,0.0,6663.0,1173.0,6663.0,195556.0,0.0,1511.0,1511.0,2136.0,3647.0,1444.0,11.05692381,0,0,0,0,0,0,0,0,0,0,0,0,0,0,0,0,0,0,0,0,0,0,0,0,0,0,0,0,0,0,0,0,0,0,0,0,0,0,1,0,0,0,0,0,0,0,0,0,0,0,661136.0
133,546.0,100.0,546.0,100.0,0.0,0.0,0.0,0.0,0.0,0.0,57.0,32.0,4057.0,0.0,0.0,0.0,0.0,0.0,0.0,8797.0,2131.0,8797.0,190581.0,0.0,2075.0,2075.0,2120.0,4194.0,1836.0,10.36524019,0,0,0,0,0,0,0,0,0,0,0,0,0,0,0,0,0,0,0,0,0,0,0,0,0,0,0,0,0,0,0,0,0,0,0,0,0,0,1,0,0,0,0,0,0,0,0,0,0,0,8838243.0
134,94.0,17.0,94.0,17.0,0.0,0.0,0.0,0.0,0.0,0.0,57.0,29.0,477.0,0.0,0.0,0.0,0.0,0.0,0.0,4886.0,298.0,4886.0,202693.0,0.0,2146.0,2146.0,2170.0,4315.0,94.0,10.80452453,0,0,0,0,0,0,0,0,0,0,0,0,0,0,0,0,0,0,0,0,0,0,0,0,0,0,0,0,0,0,0,0,0,0,0,0,0,0,1,0,0,0,0,0,0,0,0,0,0,0,671306.0
135,5658.0,1041.0,9693.0,1749.0,1041121.0,24.279,42881.0,5.722,4035.0,708.0,2712.0,32108.0,35186.0,102591.0,1.119,91640.0,0.0,14849.0,2595.0,76971.0,366.0,1235531.0,1704124.0,0.0,30577.0,30577.0,1514.0,32092.0,0.0,126.8081795,0,0,0,0,0,0,0,0,0,0,0,0,0,0,0,0,1,0,0,0,0,0,0,0,0,0,0,0,0,0,0,0,0,0,0,0,0,0,0,0,0,0,0,0,0,0,0,0,0,0,2257870.0
136,5989.0,1102.0,10054.0,1815.0,1015108.0,24.281,41807.0,5.723,4065.0,713.0,2712.0,41514.0,44707.0,101295.0,1.142,88715.0,0.0,14176.0,2477.0,89649.0,481.0,1220228.0,1662333.0,0.0,33288.0,33288.0,1600.0,34889.0,0.0,116.7819997,0,0,0,0,0,0,0,0,0,0,0,0,0,0,0,0,1,0,0,0,0,0,0,0,0,0,0,0,0,0,0,0,0,0,0,0,0,0,0,0,0,0,0,0,0,0,0,0,0,0,1948714.0
137,5847.0,1076.0,9844.0,1776.0,955471.0,24.043,39740.0,5.706,3997.0,700.0,2712.0,40220.0,43651.0,96085.0,1.143,84047.0,0.0,12924.0,2265.0,90231.0,719.0,1154710.0,1744818.0,0.0,34301.0,34301.0,2435.0,36736.0,0.0,122.771335,0,0,0,0,0,0,0,0,0,0,0,0,0,0,0,0,1,0,0,0,0,0,0,0,0,0,0,0,0,0,0,0,0,0,0,0,0,0,0,0,0,0,0,0,0,0,0,0,0,0,2944583.0
138,5848.0,1076.0,10658.0,1921.0,852990.0,23.621,36111.0,5.698,4810.0,844.0,2712.0,37682.0,41221.0,89339.0,1.147,77882.0,0.0,14273.0,2505.0,89293.0,827.0,1045895.0,1723238.0,0.0,34506.0,34506.0,2908.0,37414.0,0.0,115.3817286,0,0,0,0,0,0,0,0,0,0,0,0,0,0,0,0,1,0,0,0,0,0,0,0,0,0,0,0,0,0,0,0,0,0,0,0,0,0,0,0,0,0,0,0,0,0,0,0,0,0,1092217.0
139,4524.0,833.0,8246.0,1485.0,1486019.0,24.189,61434.0,5.717,3723.0,652.0,2712.0,31717.0,34627.0,108080.0,1.127,95907.0,0.0,16362.0,2862.0,75319.0,198.0,1685780.0,1730308.0,0.0,30971.0,30971.0,1475.0,32445.0,0.0,131.3429697,0,0,0,0,0,0,0,0,0,0,0,0,0,0,0,0,1,0,0,0,0,0,0,0,0,0,0,0,0,0,0,0,0,0,0,0,0,0,0,0,0,0,0,0,0,0,0,0,0,0,315635700.0
140,451.0,83.0,451.0,83.0,0.0,0.0,0.0,0.0,0.0,0.0,2409.0,839.0,18961.0,0.0,0.0,0.0,0.0,0.0,0.0,27593.0,9813.0,27593.0,300390.0,0.0,35.0,35.0,8146.0,8181.0,5900.0,19.81846857,0,0,0,0,0,0,0,0,0,0,1,0,0,0,0,0,0,0,0,0,0,0,0,0,0,0,0,0,0,0,0,0,0,0,0,0,0,0,0,0,0,0,0,0,0,0,0,0,0,0,429104.0
141,479.0,88.0,479.0,88.0,0.0,0.0,0.0,0.0,0.0,0.0,2980.0,609.0,21070.0,0.0,0.0,0.0,0.0,0.0,0.0,26964.0,12579.0,26964.0,308376.0,0.0,106.0,106.0,5310.0,5415.0,4902.0,20.43258289,0,0,0,0,0,0,0,0,0,0,1,0,0,0,0,0,0,0,0,0,0,0,0,0,0,0,0,0,0,0,0,0,0,0,0,0,0,0,0,0,0,0,0,0,0,0,0,0,0,0,1467132.0
142,509.0,94.0,509.0,94.0,0.0,0.0,0.0,0.0,0.0,0.0,1010.0,879.0,20439.0,0.0,0.0,0.0,0.0,0.0,0.0,26299.0,13070.0,26299.0,306342.0,0.0,94.0,94.0,5257.0,5351.0,5480.0,20.30121291,0,0,0,0,0,0,0,0,0,0,1,0,0,0,0,0,0,0,0,0,0,0,0,0,0,0,0,0,0,0,0,0,0,0,0,0,0,0,0,0,0,0,0,0,0,0,0,0,0,0,5818783.0
143,484.0,89.0,484.0,89.0,0.0,0.0,0.0,0.0,0.0,0.0,8.0,842.0,19884.0,0.0,0.0,0.0,0.0,0.0,0.0,25273.0,14320.0,25273.0,307764.0,0.0,94.0,94.0,4812.0,4905.0,4714.0,20.51554679,0,0,0,0,0,0,0,0,0,0,1,0,0,0,0,0,0,0,0,0,0,0,0,0,0,0,0,0,0,0,0,0,0,0,0,0,0,0,0,0,0,0,0,0,0,0,0,0,0,0,329849.0
144,383.0,70.0,383.0,70.0,0.0,0.0,0.0,0.0,0.0,0.0,2154.0,1129.0,17353.0,0.0,0.0,0.0,0.0,0.0,0.0,24957.0,8360.0,24957.0,298992.0,0.0,38.0,38.0,7182.0,7220.0,5710.0,19.7810368,0,0,0,0,0,0,0,0,0,0,1,0,0,0,0,0,0,0,0,0,0,0,0,0,0,0,0,0,0,0,0,0,0,0,0,0,0,0,0,0,0,0,0,0,0,0,0,0,0,0,1033143.0
145,57.0,10.0,6204.0,1089.0,116678.0,21.516,5423.0,5.722,6147.0,1078.0,345.0,66173.0,124372.0,49.0,1.037,47.0,338636.0,46.0,8.0,138522.0,52854.0,593930.0,1524720.0,0.0,7481.0,7481.0,465.0,7946.0,5000.0,90.85562563,0,0,1,0,0,0,0,0,0,0,0,0,0,0,0,0,0,0,0,0,0,0,0,0,0,0,0,0,0,0,0,0,0,0,0,0,0,0,0,0,0,0,0,0,0,0,0,0,0,0,2053339.0
146,0.0,0.0,6584.0,1155.0,134024.0,21.543,6221.0,5.723,6584.0,1155.0,345.0,62942.0,134856.0,58.0,1.041,56.0,338246.0,74.0,13.0,149493.0,66318.0,621896.0,1531479.0,0.0,7541.0,7541.0,512.0,8053.0,5251.0,90.47614096,0,0,1,0,0,0,0,0,0,0,0,0,0,0,0,0,0,0,0,0,0,0,0,0,0,0,0,0,0,0,0,0,0,0,0,0,0,0,0,0,0,0,0,0,0,0,0,0,0,0,1714281.0
147,0.0,0.0,6758.0,1184.0,140759.0,21.489,6550.0,5.706,6758.0,1184.0,345.0,63566.0,139517.0,44.0,1.041,42.0,325122.0,57.0,10.0,156071.0,70779.0,622052.0,1542208.0,0.0,9307.0,9307.0,489.0,9796.0,4827.0,94.09550866,0,0,1,0,0,0,0,0,0,0,0,0,0,0,0,0,0,0,0,0,0,0,0,0,0,0,0,0,0,0,0,0,0,0,0,0,0,0,0,0,0,0,0,0,0,0,0,0,0,0,539053.0
148,0.0,0.0,3026.0,531.0,82222.0,21.398,3843.0,5.698,3026.0,531.0,345.0,55251.0,133794.0,68.0,1.032,66.0,333312.0,40.0,7.0,148194.0,73262.0,563836.0,1556416.0,0.0,10949.0,10949.0,425.0,11374.0,4937.0,92.53702529,0,0,1,0,0,0,0,0,0,0,0,0,0,0,0,0,0,0,0,0,0,0,0,0,0,0,0,0,0,0,0,0,0,0,0,0,0,0,0,0,0,0,0,0,0,0,0,0,0,0,95135122.0
149,12.0,2.0,6602.0,1157.0,146450.0,21.522,6805.0,5.717,6590.0,1154.0,345.0,60906.0,113693.0,99.0,1.04,95.0,340153.0,212.0,37.0,128954.0,48229.0,615867.0,1495858.0,0.0,8001.0,8001.0,658.0,8659.0,4213.0,94.97878443,0,0,1,0,0,0,0,0,0,0,0,0,0,0,0,0,0,0,0,0,0,0,0,0,0,0,0,0,0,0,0,0,0,0,0,0,0,0,0,0,0,0,0,0,0,0,0,0,0,0,1724853.0
150,1906.0,351.0,1906.0,351.0,247632.0,25.68,9643.0,5.722,0.0,0.0,141.0,64484.0,65056.0,176290.0,1.07,164815.0,417334.0,46417.0,8112.0,230734.0,431.0,1118407.0,1922727.0,0.0,162166.0,162166.0,1606.0,163772.0,0.0,113.9837834,1,0,0,0,0,0,0,0,0,0,0,0,0,0,0,0,0,0,0,0,0,0,0,0,0,0,0,0,0,0,0,0,0,0,0,0,0,0,0,0,0,0,0,0,0,0,0,0,0,0,1206793.0
151,1585.0,292.0,1585.0,292.0,326748.0,25.407,12861.0,5.723,0.0,0.0,141.0,85103.0,87057.0,159686.0,1.064,150038.0,446097.0,39100.0,6832.0,258549.0,1812.0,1230179.0,1904206.0,1137.0,168195.0,167058.0,1712.0,169907.0,0.0,108.5943783,1,0,0,0,0,0,0,0,0,0,0,0,0,0,0,0,0,0,0,0,0,0,0,0,0,0,0,0,0,0,0,0,0,0,0,0,0,0,0,0,0,0,0,0,0,0,0,0,0,0,2414699.0
152,1652.0,304.0,1652.0,304.0,370533.0,25.065,14783.0,5.706,0.0,0.0,141.0,101447.0,105013.0,149607.0,1.073,139477.0,412584.0,33591.0,5887.0,279560.0,3425.0,1245875.0,1956413.0,4462.0,171215.0,166753.0,1680.0,172895.0,0.0,112.3554714,1,0,0,0,0,0,0,0,0,0,0,0,0,0,0,0,0,0,0,0,0,0,0,0,0,0,0,0,0,0,0,0,0,0,0,0,0,0,0,0,0,0,0,0,0,0,0,0,0,0,1844186.0
153,1494.0,275.0,1494.0,275.0,350506.0,24.816,14124.0,5.698,0.0,0.0,141.0,101563.0,105332.0,138425.0,1.064,130069.0,455865.0,27687.0,4859.0,278142.0,3628.0,1250624.0,1926332.0,5308.0,169739.0,164431.0,1577.0,171316.0,0.0,106.2507516,1,0,0,0,0,0,0,0,0,0,0,0,0,0,0,0,0,0,0,0,0,0,0,0,0,0,0,0,0,0,0,0,0,0,0,0,0,0,0,0,0,0,0,0,0,0,0,0,0,0,840218.0
154,1933.0,356.0,1933.0,356.0,331420.0,25.122,13193.0,5.717,0.0,0.0,141.0,91902.0,92144.0,182481.0,1.085,168246.0,438728.0,55421.0,9694.0,258955.0,101.0,1267004.0,1917138.0,0.0,163313.0,163313.0,1565.0,164877.0,0.0,119.2008893,1,0,0,0,0,0,0,0,0,0,0,0,0,0,0,0,0,0,0,0,0,0,0,0,0,0,0,0,0,0,0,0,0,0,0,0,0,0,0,0,0,0,0,0,0,0,0,0,0,0,1864412.0
155,0.0,0.0,0.0,0.0,0.0,0.0,0.0,0.0,0.0,0.0,430.0,0.0,1612.0,0.0,0.0,0.0,0.0,0.0,0.0,3105.0,1133.0,3105.0,280937.0,0.0,825.0,825.0,667.0,1493.0,49.0,14.41948129,0,0,0,0,0,0,0,1,0,0,0,0,0,0,0,0,0,0,0,0,0,0,0,0,0,0,0,0,0,0,0,0,0,0,0,0,0,0,0,0,0,0,0,0,0,0,0,0,0,0,502817.0
156,0.0,0.0,0.0,0.0,0.0,0.0,0.0,0.0,0.0,0.0,430.0,0.0,1830.0,0.0,0.0,0.0,0.0,0.0,0.0,3269.0,1354.0,3269.0,280044.0,0.0,748.0,748.0,692.0,1439.0,46.0,13.76698515,0,0,0,0,0,0,0,1,0,0,0,0,0,0,0,0,0,0,0,0,0,0,0,0,0,0,0,0,0,0,0,0,0,0,0,0,0,0,0,0,0,0,0,0,0,0,0,0,0,0,1636426.0
157,0.0,0.0,0.0,0.0,0.0,0.0,0.0,0.0,0.0,0.0,430.0,0.0,1969.0,0.0,0.0,0.0,0.0,0.0,0.0,3389.0,1492.0,3389.0,300567.0,0.0,739.0,739.0,680.0,1419.0,47.0,13.98931001,0,0,0,0,0,0,0,1,0,0,0,0,0,0,0,0,0,0,0,0,0,0,0,0,0,0,0,0,0,0,0,0,0,0,0,0,0,0,0,0,0,0,0,0,0,0,0,0,0,0,824222.0
158,0.0,0.0,0.0,0.0,0.0,0.0,0.0,0.0,0.0,0.0,430.0,0.0,2105.0,0.0,0.0,0.0,0.0,0.0,0.0,3611.0,1628.0,3611.0,298616.0,0.0,789.0,789.0,716.0,1506.0,47.0,13.58957516,0,0,0,0,0,0,0,1,0,0,0,0,0,0,0,0,0,0,0,0,0,0,0,0,0,0,0,0,0,0,0,0,0,0,0,0,0,0,0,0,0,0,0,0,0,0,0,0,0,0,1485254.0
159,0.0,0.0,0.0,0.0,0.0,0.0,0.0,0.0,0.0,0.0,430.0,0.0,1708.0,0.0,0.0,0.0,0.0,0.0,0.0,3517.0,1230.0,3517.0,284672.0,0.0,1044.0,1044.0,765.0,1809.0,48.0,13.9053954,0,0,0,0,0,0,0,1,0,0,0,0,0,0,0,0,0,0,0,0,0,0,0,0,0,0,0,0,0,0,0,0,0,0,0,0,0,0,0,0,0,0,0,0,0,0,0,0,0,0,1452666.0
160,56.0,10.0,56.0,10.0,0.0,0.0,0.0,0.0,0.0,0.0,859.0,6578.0,26927.0,0.0,0.0,0.0,56628.0,0.0,0.0,65616.0,17495.0,122244.0,1426034.0,0.0,18928.0,18928.0,19705.0,38633.0,1995.0,64.08973529,0,0,0,0,0,0,0,0,0,0,0,0,0,0,0,0,0,0,0,0,1,0,0,0,0,0,0,0,0,0,0,0,0,0,0,0,0,0,0,0,0,0,0,0,0,0,0,0,0,0,841616.0
161,110.0,20.0,110.0,20.0,0.0,0.0,0.0,0.0,0.0,0.0,859.0,9558.0,34093.0,0.0,0.0,0.0,52788.0,0.0,0.0,68467.0,21532.0,121256.0,1431083.0,0.0,14920.0,14920.0,19345.0,34264.0,2143.0,64.71316897,0,0,0,0,0,0,0,0,0,0,0,0,0,0,0,0,0,0,0,0,1,0,0,0,0,0,0,0,0,0,0,0,0,0,0,0,0,0,0,0,0,0,0,0,0,0,0,0,0,0,5852232.0
162,110.0,20.0,110.0,20.0,0.0,0.0,0.0,0.0,0.0,0.0,859.0,10320.0,41368.0,0.0,0.0,0.0,46437.0,0.0,0.0,75295.0,28177.0,121731.0,1469311.0,0.0,14310.0,14310.0,19505.0,33816.0,2012.0,64.10739497,0,0,0,0,0,0,0,0,0,0,0,0,0,0,0,0,0,0,0,0,1,0,0,0,0,0,0,0,0,0,0,0,0,0,0,0,0,0,0,0,0,0,0,0,0,0,0,0,0,0,3360964.0
163,94.0,17.0,94.0,17.0,0.0,0.0,0.0,0.0,0.0,0.0,859.0,8687.0,40935.0,0.0,0.0,0.0,22734.0,0.0,0.0,74190.0,29511.0,96924.0,1464995.0,0.0,16238.0,16238.0,16923.0,33161.0,1877.0,63.32557454,0,0,0,0,0,0,0,0,0,0,0,0,0,0,0,0,0,0,0,0,1,0,0,0,0,0,0,0,0,0,0,0,0,0,0,0,0,0,0,0,0,0,0,0,0,0,0,0,0,0,1860604.0
164,36.0,7.0,36.0,7.0,0.0,0.0,0.0,0.0,0.0,0.0,859.0,7709.0,23103.0,0.0,0.0,0.0,52236.0,0.0,0.0,62787.0,12535.0,115022.0,1468270.0,0.0,20876.0,20876.0,18772.0,39648.0,2000.0,66.74652168,0,0,0,0,0,0,0,0,0,0,0,0,0,0,0,0,0,0,0,0,1,0,0,0,0,0,0,0,0,0,0,0,0,0,0,0,0,0,0,0,0,0,0,0,0,0,0,0,0,0,4240538.0
165,558.0,103.0,558.0,103.0,0.0,0.0,0.0,5.722,0.0,0.0,10056.0,1611.0,42513.0,1062.0,1.484,716.0,306658.0,11066.0,1934.0,223405.0,30846.0,542192.0,4362567.0,9939.0,108866.0,98926.0,71468.0,180333.0,0.0,238.8326956,0,0,0,0,0,0,0,0,1,0,0,0,0,0,0,0,0,0,0,0,0,0,0,0,0,0,0,0,0,0,0,0,0,0,0,0,0,0,0,0,0,0,0,0,0,0,0,0,0,0,4068360.0
166,855.0,157.0,855.0,157.0,0.0,0.0,0.0,5.723,0.0,0.0,10056.0,2011.0,50264.0,1048.0,1.48,708.0,304840.0,11005.0,1923.0,236674.0,38197.0,553568.0,4345055.0,9840.0,109274.0,99435.0,76280.0,185555.0,0.0,238.4284129,0,0,0,0,0,0,0,0,1,0,0,0,0,0,0,0,0,0,0,0,0,0,0,0,0,0,0,0,0,0,0,0,0,0,0,0,0,0,0,0,0,0,0,0,0,0,0,0,0,0,1239122.0
167,1818.0,335.0,1818.0,335.0,0.0,0.0,0.0,5.706,0.0,0.0,10056.0,2117.0,65529.0,1123.0,1.425,788.0,306461.0,10493.0,1839.0,247001.0,53356.0,565077.0,4441047.0,11096.0,110027.0,98931.0,69626.0,179653.0,0.0,242.0091133,0,0,0,0,0,0,0,0,1,0,0,0,0,0,0,0,0,0,0,0,0,0,0,0,0,0,0,0,0,0,0,0,0,0,0,0,0,0,0,0,0,0,0,0,0,0,0,0,0,0,49550089.0
168,920.0,169.0,920.0,169.0,0.0,0.0,0.0,5.698,0.0,0.0,10056.0,1869.0,80308.0,1295.0,1.516,854.0,303946.0,11037.0,1937.0,248107.0,68383.0,564385.0,4371666.0,11065.0,108140.0,97075.0,58739.0,166879.0,0.0,233.5527795,0,0,0,0,0,0,0,0,1,0,0,0,0,0,0,0,0,0,0,0,0,0,0,0,0,0,0,0,0,0,0,0,0,0,0,0,0,0,0,0,0,0,0,0,0,0,0,0,0,0,52936642.0
169,645.0,119.0,645.0,119.0,0.0,0.0,0.0,5.717,0.0,0.0,10056.0,2277.0,42466.0,1162.0,1.521,764.0,294099.0,12623.0,2208.0,223761.0,30133.0,531646.0,4324701.0,0.0,111608.0,111608.0,69043.0,180650.0,0.0,237.3833592,0,0,0,0,0,0,0,0,1,0,0,0,0,0,0,0,0,0,0,0,0,0,0,0,0,0,0,0,0,0,0,0,0,0,0,0,0,0,0,0,0,0,0,0,0,0,0,0,0,0,3527420.0
170,0.0,0.0,21669.0,3801.0,0.0,0.0,0.0,5.722,21669.0,3801.0,1185.0,248232.0,296467.0,13942.0,1.031,13523.0,434791.0,1287.0,225.0,412994.0,10674.0,863014.0,3768794.0,0.0,61123.0,61123.0,33736.0,94858.0,36376.0,170.1509065,0,0,0,0,0,0,0,0,0,0,0,0,0,0,0,0,0,0,0,0,0,0,0,0,0,0,0,0,0,0,0,1,0,0,0,0,0,0,0,0,0,0,0,0,0,0,0,0,0,0,2403723.0
171,0.0,0.0,21022.0,3687.0,0.0,0.0,0.0,5.723,21022.0,3687.0,1185.0,277725.0,330933.0,11760.0,1.032,11395.0,441029.0,1105.0,193.0,447680.0,13919.0,901574.0,3776092.0,0.0,60164.0,60164.0,35562.0,95725.0,38105.0,165.8301752,0,0,0,0,0,0,0,0,0,0,0,0,0,0,0,0,0,0,0,0,0,0,0,0,0,0,0,0,0,0,0,1,0,0,0,0,0,0,0,0,0,0,0,0,0,0,0,0,0,0,789556.0
172,0.0,0.0,18885.0,3308.0,0.0,0.0,0.0,5.706,18885.0,3308.0,1185.0,269752.0,325023.0,10994.0,1.032,10653.0,448718.0,1261.0,221.0,442993.0,17686.0,903967.0,3946032.0,0.0,64730.0,64730.0,34356.0,99086.0,36401.0,175.0969653,0,0,0,0,0,0,0,0,0,0,0,0,0,0,0,0,0,0,0,0,0,0,0,0,0,0,0,0,0,0,0,1,0,0,0,0,0,0,0,0,0,0,0,0,0,0,0,0,0,0,13144827.0
173,0.0,0.0,20042.0,3519.0,0.0,0.0,0.0,5.698,20042.0,3519.0,1185.0,272679.0,336052.0,11313.0,1.032,10962.0,468481.0,1561.0,274.0,452190.0,22509.0,933544.0,3841948.0,0.0,64965.0,64965.0,31131.0,96096.0,39680.0,168.9712856,0,0,0,0,0,0,0,0,0,0,0,0,0,0,0,0,0,0,0,0,0,0,0,0,0,0,0,0,0,0,0,1,0,0,0,0,0,0,0,0,0,0,0,0,0,0,0,0,0,0,30602444.0
174,13.0,2.0,19793.0,3467.0,0.0,0.0,0.0,5.717,19780.0,3465.0,1185.0,242429.0,288404.0,17879.0,1.032,17325.0,466457.0,1635.0,286.0,409139.0,7729.0,895110.0,3838544.0,0.0,67532.0,67532.0,33410.0,100942.0,37061.0,174.3599244,0,0,0,0,0,0,0,0,0,0,0,0,0,0,0,0,0,0,0,0,0,0,0,0,0,0,0,0,0,0,0,1,0,0,0,0,0,0,0,0,0,0,0,0,0,0,0,0,0,0,5040800.0
175,0.0,0.0,0.0,0.0,37859.0,23.431,1616.0,0.0,0.0,0.0,570.0,12853.0,25123.0,36.0,1.051,34.0,154377.0,0.0,0.0,48237.0,6834.0,240509.0,1386648.0,0.0,14188.0,14188.0,8927.0,23115.0,4866.0,60.46760995,0,0,0,0,0,0,0,0,0,0,0,0,0,0,0,0,0,0,0,1,0,0,0,0,0,0,0,0,0,0,0,0,0,0,0,0,0,0,0,0,0,0,0,0,0,0,0,0,0,0,1349074.0
176,0.0,0.0,0.0,0.0,42804.0,23.67,1808.0,0.0,0.0,0.0,570.0,18108.0,33197.0,34.0,1.047,32.0,158004.0,0.0,0.0,55339.0,9348.0,256180.0,1346703.0,0.0,12954.0,12954.0,9188.0,22142.0,5172.0,55.040273,0,0,0,0,0,0,0,0,0,0,0,0,0,0,0,0,0,0,0,1,0,0,0,0,0,0,0,0,0,0,0,0,0,0,0,0,0,0,0,0,0,0,0,0,0,0,0,0,0,0,6343700.0
177,0.0,0.0,0.0,0.0,30464.0,23.468,1298.0,0.0,0.0,0.0,570.0,25772.0,42987.0,14.0,1.042,13.0,156699.0,0.0,0.0,65963.0,11456.0,253139.0,1391698.0,0.0,14204.0,14204.0,8772.0,22975.0,5189.0,61.68531518,0,0,0,0,0,0,0,0,0,0,0,0,0,0,0,0,0,0,0,1,0,0,0,0,0,0,0,0,0,0,0,0,0,0,0,0,0,0,0,0,0,0,0,0,0,0,0,0,0,0,2306029.0
178,0.0,0.0,0.0,0.0,34661.0,23.562,1471.0,0.0,0.0,0.0,570.0,19485.0,37802.0,14.0,1.044,13.0,156765.0,0.0,0.0,55557.0,13115.0,246996.0,1355227.0,0.0,10199.0,10199.0,7556.0,17755.0,4633.0,56.87149823,0,0,0,0,0,0,0,0,0,0,0,0,0,0,0,0,0,0,0,1,0,0,0,0,0,0,0,0,0,0,0,0,0,0,0,0,0,0,0,0,0,0,0,0,0,0,0,0,0,0,1428319.0
179,0.0,0.0,0.0,0.0,45587.0,23.72,1922.0,0.0,0.0,0.0,570.0,15127.0,24122.0,40.0,1.055,38.0,153140.0,0.0,0.0,47614.0,4375.0,246381.0,1424201.0,0.0,14425.0,14425.0,9067.0,23492.0,4050.0,62.28032684,0,0,0,0,0,0,0,0,0,0,0,0,0,0,0,0,0,0,0,1,0,0,0,0,0,0,0,0,0,0,0,0,0,0,0,0,0,0,0,0,0,0,0,0,0,0,0,0,0,0,1890491.0
180,0.0,0.0,0.0,0.0,38499.0,13.761,2798.0,5.722,0.0,0.0,1842.0,10183.0,13876.0,1893803.0,1.061,1784396.0,179391.0,328643.0,57435.0,154742.0,1851.0,2595078.0,4030644.0,6011.0,128495.0,122484.0,12371.0,140865.0,0.0,189.1398596,0,0,0,0,0,0,0,0,0,0,0,0,0,0,0,0,0,1,0,0,0,0,0,0,0,0,0,0,0,0,0,0,0,0,0,0,0,0,0,0,0,0,0,0,0,0,0,0,0,0,1499474.0
181,0.0,0.0,0.0,0.0,27892.0,13.419,2079.0,5.723,0.0,0.0,1842.0,8349.0,12149.0,2238355.0,1.046,2139829.0,161171.0,295015.0,51549.0,142086.0,1958.0,2864519.0,4208312.0,5951.0,116924.0,110973.0,13013.0,129937.0,0.0,193.3738211,0,0,0,0,0,0,0,0,0,0,0,0,0,0,0,0,0,1,0,0,0,0,0,0,0,0,0,0,0,0,0,0,0,0,0,0,0,0,0,0,0,0,0,0,0,0,0,0,0,0,1216601.0
182,0.0,0.0,0.0,0.0,20436.0,13.778,1483.0,5.706,0.0,0.0,1842.0,10741.0,14773.0,2942607.0,1.039,2832404.0,179330.0,274413.0,48092.0,143245.0,2189.0,3560031.0,4245610.0,6711.0,113857.0,107146.0,14615.0,128472.0,0.0,194.74322,0,0,0,0,0,0,0,0,0,0,0,0,0,0,0,0,0,1,0,0,0,0,0,0,0,0,0,0,0,0,0,0,0,0,0,0,0,0,0,0,0,0,0,0,0,0,0,0,0,0,764829.0
183,0.0,0.0,0.0,0.0,21251.0,13.82,1538.0,5.698,0.0,0.0,1842.0,12161.0,16254.0,3330380.0,1.037,3212318.0,145993.0,261527.0,45898.0,133669.0,2251.0,3892819.0,4282045.0,6692.0,102895.0,96203.0,14520.0,117414.0,0.0,194.892652,0,0,0,0,0,0,0,0,0,0,0,0,0,0,0,0,0,1,0,0,0,0,0,0,0,0,0,0,0,0,0,0,0,0,0,0,0,0,0,0,0,0,0,0,0,0,0,0,0,0,250695185.0
184,0.0,0.0,0.0,0.0,46879.0,13.633,3439.0,5.717,0.0,0.0,1842.0,9310.0,12672.0,1916410.0,1.062,1805197.0,160015.0,364396.0,63739.0,132249.0,1521.0,2619950.0,3911919.0,0.0,106587.0,106587.0,12990.0,119577.0,0.0,185.5592561,0,0,0,0,0,0,0,0,0,0,0,0,0,0,0,0,0,1,0,0,0,0,0,0,0,0,0,0,0,0,0,0,0,0,0,0,0,0,0,0,0,0,0,0,0,0,0,0,0,0,2312261.0
185,3245.0,597.0,82079.0,14424.0,0.0,0.0,0.0,0.0,78834.0,13827.0,615.0,25806.0,40993.0,0.0,0.0,0.0,106173.0,0.0,0.0,224249.0,583.0,330423.0,1801012.0,0.0,91748.0,91748.0,9430.0,101178.0,13989.0,95.6153185,0,0,0,0,0,0,0,0,0,0,0,0,0,0,0,0,0,0,0,0,0,0,0,0,0,0,0,0,0,0,0,0,0,0,0,0,0,0,0,0,0,0,0,0,0,0,0,0,1,0,7777098.0
186,1894.0,349.0,83624.0,14682.0,0.0,0.0,0.0,0.0,81729.0,14333.0,615.0,24481.0,41165.0,0.0,0.0,0.0,100919.0,0.0,0.0,224172.0,953.0,325091.0,1817947.0,0.0,90051.0,90051.0,9333.0,99384.0,15116.0,98.64308793,0,0,0,0,0,0,0,0,0,0,0,0,0,0,0,0,0,0,0,0,0,0,0,0,0,0,0,0,0,0,0,0,0,0,0,0,0,0,0,0,0,0,0,0,0,0,0,0,1,0,2622475.0
187,2953.0,544.0,89233.0,15657.0,0.0,0.0,0.0,0.0,86279.0,15113.0,615.0,21777.0,38588.0,0.0,0.0,0.0,105900.0,0.0,0.0,232096.0,1287.0,337996.0,1896601.0,0.0,95231.0,95231.0,9044.0,104275.0,14909.0,101.1727696,0,0,0,0,0,0,0,0,0,0,0,0,0,0,0,0,0,0,0,0,0,0,0,0,0,0,0,0,0,0,0,0,0,0,0,0,0,0,0,0,0,0,0,0,0,0,0,0,1,0,2067441.0
188,3491.0,643.0,88934.0,15643.0,0.0,0.0,0.0,0.0,85442.0,15000.0,615.0,23518.0,42338.0,0.0,0.0,0.0,104736.0,0.0,0.0,232452.0,1483.0,337188.0,1847846.0,0.0,92350.0,92350.0,8831.0,101181.0,16722.0,94.82242355,0,0,0,0,0,0,0,0,0,0,0,0,0,0,0,0,0,0,0,0,0,0,0,0,0,0,0,0,0,0,0,0,0,0,0,0,0,0,0,0,0,0,0,0,0,0,0,0,1,0,2915140.0
189,2614.0,481.0,79450.0,13941.0,0.0,0.0,0.0,0.0,76836.0,13460.0,615.0,21813.0,37744.0,0.0,0.0,0.0,104666.0,0.0,0.0,223881.0,505.0,328547.0,1814408.0,0.0,97353.0,97353.0,9334.0,106687.0,14811.0,99.85701526,0,0,0,0,0,0,0,0,0,0,0,0,0,0,0,0,0,0,0,0,0,0,0,0,0,0,0,0,0,0,0,0,0,0,0,0,0,0,0,0,0,0,0,0,0,0,0,0,1,0,3755629.0
190,4761.0,876.0,18865.0,3350.0,1168609.0,25.468,45885.0,5.722,14104.0,2474.0,2162.0,21922.0,60247.0,5525743.0,1.061,5210208.0,867302.0,35888.0,6272.0,196773.0,4071.0,7794315.0,3762485.0,0.0,76880.0,76880.0,40781.0,117661.0,32093.0,217.9773815,0,0,0,0,0,0,0,0,0,0,0,0,0,0,0,0,0,0,0,0,0,0,0,0,0,0,0,0,0,0,0,0,0,0,0,0,0,1,0,0,0,0,0,0,0,0,0,0,0,0,2394977.0
191,5515.0,1015.0,18741.0,3335.0,1260516.0,25.656,49131.0,5.723,13227.0,2320.0,2162.0,28775.0,68701.0,5769945.0,1.058,5453638.0,870187.0,37554.0,6562.0,204952.0,4684.0,8143154.0,3766880.0,0.0,76403.0,76403.0,41107.0,117510.0,33080.0,215.2868489,0,0,0,0,0,0,0,0,0,0,0,0,0,0,0,0,0,0,0,0,0,0,0,0,0,0,0,0,0,0,0,0,0,0,0,0,0,1,0,0,0,0,0,0,0,0,0,0,0,0,2661655.0
192,8265.0,1521.0,20894.0,3733.0,1278056.0,25.577,49968.0,5.706,12628.0,2212.0,2162.0,38799.0,78545.0,6632662.0,1.059,6264832.0,872749.0,36963.0,6478.0,220486.0,5111.0,9040917.0,3933425.0,0.0,81527.0,81527.0,39520.0,121047.0,32473.0,220.1938915,0,0,0,0,0,0,0,0,0,0,0,0,0,0,0,0,0,0,0,0,0,0,0,0,0,0,0,0,0,0,0,0,0,0,0,0,0,1,0,0,0,0,0,0,0,0,0,0,0,0,10494432.0
193,5557.0,1023.0,20133.0,3582.0,1250902.0,24.979,50078.0,5.698,14576.0,2559.0,2162.0,31195.0,68176.0,7296205.0,1.058,6896792.0,869084.0,37362.0,6557.0,201783.0,5873.0,9655336.0,3818814.0,0.0,78020.0,78020.0,35453.0,113473.0,28946.0,218.7358219,0,0,0,0,0,0,0,0,0,0,0,0,0,0,0,0,0,0,0,0,0,0,0,0,0,0,0,0,0,0,0,0,0,0,0,0,0,1,0,0,0,0,0,0,0,0,0,0,0,0,2943270.0
194,3216.0,592.0,16251.0,2875.0,1278078.0,25.124,50872.0,5.717,13035.0,2283.0,2162.0,24264.0,61427.0,5119772.0,1.064,4812983.0,842044.0,40522.0,7088.0,200534.0,3758.0,7480950.0,3897610.0,0.0,81888.0,81888.0,40968.0,122856.0,31244.0,232.9252268,0,0,0,0,0,0,0,0,0,0,0,0,0,0,0,0,0,0,0,0,0,0,0,0,0,0,0,0,0,0,0,0,0,0,0,0,0,1,0,0,0,0,0,0,0,0,0,0,0,0,4218295.0
195,8373.0,1541.0,8373.0,1541.0,0.0,0.0,0.0,0.0,0.0,0.0,1136.0,723289.0,799624.0,0.0,0.0,0.0,100674.0,0.0,0.0,930780.0,957.0,1031454.0,2056396.0,0.0,114342.0,114342.0,8441.0,122783.0,74242.0,79.4036955,0,0,0,0,0,0,0,0,0,0,0,0,0,0,0,0,0,0,0,0,0,0,0,0,0,0,0,0,0,0,0,0,0,0,0,0,0,0,0,0,0,0,0,0,0,0,1,0,0,0,2515938.0
196,9204.0,1694.0,9204.0,1694.0,0.0,0.0,0.0,0.0,0.0,0.0,1136.0,757151.0,823289.0,0.0,0.0,0.0,85013.0,0.0,0.0,950220.0,1201.0,1035233.0,2075340.0,0.0,109704.0,109704.0,8023.0,117726.0,63801.0,79.11865344,0,0,0,0,0,0,0,0,0,0,0,0,0,0,0,0,0,0,0,0,0,0,0,0,0,0,0,0,0,0,0,0,0,0,0,0,0,0,0,0,0,0,0,0,0,0,1,0,0,0,6910234.0
197,10049.0,1850.0,10049.0,1850.0,0.0,0.0,0.0,0.0,0.0,0.0,1136.0,736362.0,810926.0,0.0,0.0,0.0,101502.0,0.0,0.0,937724.0,1506.0,1039226.0,2054390.0,0.0,109222.0,109222.0,7526.0,116749.0,71922.0,78.65855426,0,0,0,0,0,0,0,0,0,0,0,0,0,0,0,0,0,0,0,0,0,0,0,0,0,0,0,0,0,0,0,0,0,0,0,0,0,0,0,0,0,0,0,0,0,0,1,0,0,0,3061489.0
198,9826.0,1808.0,9826.0,1808.0,0.0,0.0,0.0,0.0,0.0,0.0,1136.0,587893.0,650831.0,0.0,0.0,0.0,92584.0,0.0,0.0,779076.0,2341.0,871660.0,2078663.0,0.0,110500.0,110500.0,7919.0,118419.0,59461.0,84.16948233,0,0,0,0,0,0,0,0,0,0,0,0,0,0,0,0,0,0,0,0,0,0,0,0,0,0,0,0,0,0,0,0,0,0,0,0,0,0,0,0,0,0,0,0,0,0,1,0,0,0,18389113.0
199,7251.0,1335.0,7251.0,1335.0,0.0,0.0,0.0,0.0,0.0,0.0,1136.0,684060.0,751781.0,0.0,0.0,0.0,85347.0,0.0,0.0,872328.0,649.0,957675.0,1995985.0,0.0,104876.0,104876.0,8421.0,113296.0,65936.0,75.13711456,0,0,0,0,0,0,0,0,0,0,0,0,0,0,0,0,0,0,0,0,0,0,0,0,0,0,0,0,0,0,0,0,0,0,0,0,0,0,0,0,0,0,0,0,0,0,1,0,0,0,1978193.0
200,8675.0,1597.0,88369.0,15575.0,309088.0,24.601,12564.0,5.722,79695.0,13978.0,3435.0,4619.0,21425.0,1647241.0,1.146,1437285.0,175893.0,123595.0,21600.0,166682.0,1874.0,2422499.0,3667777.0,0.0,41902.0,41902.0,14986.0,56888.0,11497.0,205.3227286,0,0,0,0,0,0,0,0,0,0,0,0,0,0,0,0,0,0,0,0,0,0,0,0,0,0,0,0,0,0,0,0,0,0,1,0,0,0,0,0,0,0,0,0,0,0,0,0,0,0,775584.0
201,9117.0,1678.0,92214.0,16251.0,233560.0,24.614,9489.0,5.723,83098.0,14573.0,3435.0,2555.0,23060.0,2009410.0,1.122,1791359.0,184997.0,114517.0,20010.0,167037.0,2435.0,2709522.0,3616508.0,0.0,36933.0,36933.0,14829.0,51762.0,14635.0,205.0608887,0,0,0,0,0,0,0,0,0,0,0,0,0,0,0,0,0,0,0,0,0,0,0,0,0,0,0,0,0,0,0,0,0,0,1,0,0,0,0,0,0,0,0,0,0,0,0,0,0,0,10274821.0
202,8945.0,1647.0,95328.0,16778.0,219942.0,24.458,8993.0,5.706,86382.0,15131.0,3435.0,2222.0,24344.0,2652291.0,1.104,2403382.0,191483.0,129954.0,22775.0,172901.0,2755.0,3366571.0,3762435.0,0.0,38942.0,38942.0,14287.0,53229.0,15932.0,208.9666748,0,0,0,0,0,0,0,0,0,0,0,0,0,0,0,0,0,0,0,0,0,0,0,0,0,0,0,0,0,0,0,0,0,0,1,0,0,0,0,0,0,0,0,0,0,0,0,0,0,0,6168918.0
203,7944.0,1462.0,93011.0,16396.0,192413.0,24.735,7779.0,5.698,85066.0,14934.0,3435.0,3585.0,28481.0,2901090.0,1.094,2651631.0,177624.0,159327.0,27962.0,174087.0,3269.0,3604541.0,3637669.0,0.0,38646.0,38646.0,13949.0,52595.0,18192.0,196.6865897,0,0,0,0,0,0,0,0,0,0,0,0,0,0,0,0,0,0,0,0,0,0,0,0,0,0,0,0,0,0,0,0,0,0,1,0,0,0,0,0,0,0,0,0,0,0,0,0,0,0,2756315.0
204,6914.0,1273.0,84018.0,14780.0,417682.0,24.51,17041.0,5.717,77105.0,13507.0,3435.0,4256.0,20579.0,1171552.0,1.163,1007270.0,181726.0,152650.0,26701.0,164904.0,1678.0,2088513.0,3708157.0,0.0,45462.0,45462.0,14845.0,60307.0,11211.0,211.1966253,0,0,0,0,0,0,0,0,0,0,0,0,0,0,0,0,0,0,0,0,0,0,0,0,0,0,0,0,0,0,0,0,0,0,1,0,0,0,0,0,0,0,0,0,0,0,0,0,0,0,2513363.0
205,1496.0,275.0,1496.0,275.0,0.0,0.0,0.0,0.0,0.0,0.0,21.0,2069.0,6336.0,0.0,0.0,0.0,173363.0,0.0,0.0,34249.0,4128.0,207612.0,724686.0,0.0,14933.0,14933.0,11485.0,26418.0,118.0,34.09544003,0,0,0,0,0,0,1,0,0,0,0,0,0,0,0,0,0,0,0,0,0,0,0,0,0,0,0,0,0,0,0,0,0,0,0,0,0,0,0,0,0,0,0,0,0,0,0,0,0,0,962061.0
206,1379.0,254.0,1379.0,254.0,0.0,0.0,0.0,0.0,0.0,0.0,21.0,3060.0,8284.0,0.0,0.0,0.0,172570.0,0.0,0.0,32888.0,5086.0,205458.0,728349.0,0.0,12683.0,12683.0,10543.0,23225.0,117.0,33.8574222,0,0,0,0,0,0,1,0,0,0,0,0,0,0,0,0,0,0,0,0,0,0,0,0,0,0,0,0,0,0,0,0,0,0,0,0,0,0,0,0,0,0,0,0,0,0,0,0,0,0,788599.0
207,2296.0,423.0,2296.0,423.0,0.0,0.0,0.0,0.0,0.0,0.0,21.0,5056.0,11668.0,0.0,0.0,0.0,176496.0,0.0,0.0,37572.0,6480.0,214068.0,756159.0,0.0,13893.0,13893.0,9715.0,23608.0,112.0,37.38424068,0,0,0,0,0,0,1,0,0,0,0,0,0,0,0,0,0,0,0,0,0,0,0,0,0,0,0,0,0,0,0,0,0,0,0,0,0,0,0,0,0,0,0,0,0,0,0,0,0,0,1486681.0
208,2359.0,434.0,2359.0,434.0,0.0,0.0,0.0,0.0,0.0,0.0,21.0,3811.0,11485.0,0.0,0.0,0.0,174730.0,0.0,0.0,37172.0,7545.0,211902.0,735517.0,0.0,14328.0,14328.0,9000.0,23328.0,109.0,36.63166173,0,0,0,0,0,0,1,0,0,0,0,0,0,0,0,0,0,0,0,0,0,0,0,0,0,0,0,0,0,0,0,0,0,0,0,0,0,0,0,0,0,0,0,0,0,0,0,0,0,0,1306178.0
209,715.0,132.0,715.0,132.0,0.0,0.0,0.0,0.0,0.0,0.0,21.0,2819.0,5792.0,0.0,0.0,0.0,182083.0,0.0,0.0,33234.0,2952.0,215318.0,756746.0,0.0,15661.0,15661.0,11067.0,26728.0,0.0,36.32904924,0,0,0,0,0,0,1,0,0,0,0,0,0,0,0,0,0,0,0,0,0,0,0,0,0,0,0,0,0,0,0,0,0,0,0,0,0,0,0,0,0,0,0,0,0,0,0,0,0,0,1340702.0
210,38419.0,7071.0,585659.0,103054.0,0.0,0.0,0.0,0.0,547240.0,95983.0,1281.0,8464.0,195637.0,0.0,0.0,0.0,49185.0,0.0,0.0,801820.0,587.0,851005.0,1534622.0,0.0,6107.0,6107.0,14417.0,20524.0,185305.0,73.98337008,0,0,0,0,0,0,0,0,0,0,0,0,0,0,1,0,0,0,0,0,0,0,0,0,0,0,0,0,0,0,0,0,0,0,0,0,0,0,0,0,0,0,0,0,0,0,0,0,0,0,4220545.0
211,36996.0,6810.0,610395.0,107368.0,0.0,0.0,0.0,0.0,573399.0,100558.0,1281.0,9526.0,208620.0,0.0,0.0,0.0,54528.0,0.0,0.0,837092.0,905.0,891620.0,1572298.0,0.0,5936.0,5936.0,12140.0,18077.0,196907.0,76.30357904,0,0,0,0,0,0,0,0,0,0,0,0,0,0,1,0,0,0,0,0,0,0,0,0,0,0,0,0,0,0,0,0,0,0,0,0,0,0,0,0,0,0,0,0,0,0,0,0,0,0,6233820.0
212,47215.0,8690.0,641146.0,112725.0,0.0,0.0,0.0,0.0,593931.0,104035.0,1281.0,8420.0,205217.0,0.0,0.0,0.0,51181.0,0.0,0.0,865784.0,1291.0,916965.0,1633531.0,0.0,7254.0,7254.0,12166.0,19420.0,194225.0,82.42756253,0,0,0,0,0,0,0,0,0,0,0,0,0,0,1,0,0,0,0,0,0,0,0,0,0,0,0,0,0,0,0,0,0,0,0,0,0,0,0,0,0,0,0,0,0,0,0,0,0,0,8883799.0
213,44240.0,8143.0,637409.0,112278.0,0.0,0.0,0.0,0.0,593169.0,104135.0,1281.0,7091.0,244222.0,0.0,0.0,0.0,54671.0,0.0,0.0,901961.0,1604.0,956633.0,1645247.0,0.0,8298.0,8298.0,12031.0,20330.0,234246.0,77.29621466,0,0,0,0,0,0,0,0,0,0,0,0,0,0,1,0,0,0,0,0,0,0,0,0,0,0,0,0,0,0,0,0,0,0,0,0,0,0,0,0,0,0,0,0,0,0,0,0,0,0,3041432.0
214,31304.0,5762.0,568234.0,99820.0,0.0,0.0,0.0,0.0,536929.0,94058.0,1281.0,8948.0,177203.0,0.0,0.0,0.0,54836.0,0.0,0.0,766862.0,419.0,821698.0,1507520.0,0.0,6967.0,6967.0,14458.0,21425.0,166555.0,77.41573961,0,0,0,0,0,0,0,0,0,0,0,0,0,0,1,0,0,0,0,0,0,0,0,0,0,0,0,0,0,0,0,0,0,0,0,0,0,0,0,0,0,0,0,0,0,0,0,0,0,0,5552396.0
215,425.0,78.0,425.0,78.0,0.0,0.0,0.0,0.0,0.0,0.0,967.0,40779.0,75202.0,0.0,0.0,0.0,447500.0,0.0,0.0,199520.0,33397.0,647020.0,2619589.0,17887.0,114422.0,96534.0,9472.0,123894.0,58.0,124.895788,0,0,0,0,0,0,0,0,0,0,0,0,0,0,0,0,0,0,0,0,0,0,0,0,0,0,0,0,0,0,0,0,1,0,0,0,0,0,0,0,0,0,0,0,0,0,0,0,0,0,190472938.0
216,222.0,41.0,222.0,41.0,0.0,0.0,0.0,0.0,0.0,0.0,967.0,35175.0,89578.0,0.0,0.0,0.0,443192.0,0.0,0.0,215578.0,49099.0,658771.0,2575147.0,17708.0,115730.0,98021.0,10048.0,125778.0,4337.0,121.1493749,0,0,0,0,0,0,0,0,0,0,0,0,0,0,0,0,0,0,0,0,0,0,0,0,0,0,0,0,0,0,0,0,1,0,0,0,0,0,0,0,0,0,0,0,0,0,0,0,0,0,235434075.0
217,199.0,37.0,199.0,37.0,0.0,0.0,0.0,0.0,0.0,0.0,967.0,60136.0,123878.0,0.0,0.0,0.0,439915.0,0.0,0.0,248825.0,57834.0,688740.0,2685032.0,19969.0,115308.0,95339.0,9439.0,124748.0,4941.0,124.2127343,0,0,0,0,0,0,0,0,0,0,0,0,0,0,0,0,0,0,0,0,0,0,0,0,0,0,0,0,0,0,0,0,1,0,0,0,0,0,0,0,0,0,0,0,0,0,0,0,0,0,141776088.0
218,188.0,35.0,188.0,35.0,0.0,0.0,0.0,0.0,0.0,0.0,967.0,55084.0,129772.0,0.0,0.0,0.0,437683.0,0.0,0.0,254022.0,69062.0,691705.0,2656262.0,19912.0,113628.0,93716.0,10433.0,124061.0,4659.0,122.6043034,0,0,0,0,0,0,0,0,0,0,0,0,0,0,0,0,0,0,0,0,0,0,0,0,0,0,0,0,0,0,0,0,1,0,0,0,0,0,0,0,0,0,0,0,0,0,0,0,0,0,126884709.0
219,256.0,47.0,256.0,47.0,0.0,0.0,0.0,0.0,0.0,0.0,967.0,44191.0,59028.0,0.0,0.0,0.0,440248.0,0.0,0.0,170008.0,13870.0,610256.0,2595919.0,0.0,101592.0,101592.0,9132.0,110724.0,0.0,124.7782841,0,0,0,0,0,0,0,0,0,0,0,0,0,0,0,0,0,0,0,0,0,0,0,0,0,0,0,0,0,0,0,0,1,0,0,0,0,0,0,0,0,0,0,0,0,0,0,0,0,0,202376181.0
220,171.0,31.0,67755.0,11885.0,617.0,23.051,27.0,5.722,67585.0,11854.0,974.0,282.0,131653.0,281646.0,1.151,244795.0,86245.0,217116.0,37944.0,205800.0,125.0,791424.0,1092806.0,0.0,3973.0,3973.0,2418.0,6391.0,130272.0,62.60936987,0,0,0,0,0,0,0,0,0,0,0,0,0,0,0,1,0,0,0,0,0,0,0,0,0,0,0,0,0,0,0,0,0,0,0,0,0,0,0,0,0,0,0,0,0,0,0,0,0,0,1440764.0
221,147.0,27.0,69485.0,12187.0,0.0,0.0,0.0,5.723,69338.0,12160.0,974.0,269.0,172818.0,257200.0,1.171,219639.0,111367.0,205026.0,35825.0,248533.0,231.0,822127.0,1075697.0,0.0,3566.0,3566.0,2664.0,6230.0,171344.0,59.03202784,0,0,0,0,0,0,0,0,0,0,0,0,0,0,0,1,0,0,0,0,0,0,0,0,0,0,0,0,0,0,0,0,0,0,0,0,0,0,0,0,0,0,0,0,0,0,0,0,0,0,1454281.0
222,71.0,13.0,71581.0,12539.0,0.0,0.0,0.0,5.706,71510.0,12526.0,974.0,241.0,173694.0,237402.0,1.179,201390.0,95854.0,198084.0,34715.0,253321.0,345.0,784661.0,1136232.0,0.0,4874.0,4874.0,3171.0,8046.0,172134.0,62.85277614,0,0,0,0,0,0,0,0,0,0,0,0,0,0,0,1,0,0,0,0,0,0,0,0,0,0,0,0,0,0,0,0,0,0,0,0,0,0,0,0,0,0,0,0,0,0,0,0,0,0,1041662.0
223,3249.0,598.0,76308.0,13424.0,0.0,0.0,0.0,5.698,73059.0,12826.0,974.0,182.0,189733.0,212665.0,1.162,183087.0,96565.0,189202.0,33205.0,273764.0,471.0,772196.0,1129559.0,0.0,4777.0,4777.0,2947.0,7724.0,188105.0,60.4526702,0,0,0,0,0,0,0,0,0,0,0,0,0,0,0,1,0,0,0,0,0,0,0,0,0,0,0,0,0,0,0,0,0,0,0,0,0,0,0,0,0,0,0,0,0,0,0,0,0,0,992149.0
224,288.0,53.0,66484.0,11649.0,4387.0,22.026,199.0,5.717,66196.0,11596.0,974.0,177.0,103733.0,318548.0,1.121,284184.0,90254.0,260015.0,45481.0,177374.0,87.0,850580.0,1101677.0,0.0,4487.0,4487.0,2671.0,7158.0,102495.0,64.51256023,0,0,0,0,0,0,0,0,0,0,0,0,0,0,0,1,0,0,0,0,0,0,0,0,0,0,0,0,0,0,0,0,0,0,0,0,0,0,0,0,0,0,0,0,0,0,0,0,0,0,2548830.0
225,0.0,0.0,0.0,0.0,0.0,0.0,0.0,0.0,0.0,0.0,648.0,20551.0,21612.0,0.0,0.0,0.0,583883.0,0.0,0.0,131043.0,412.0,714927.0,1658202.0,6011.0,104947.0,98936.0,4484.0,109432.0,0.0,72.25720541,0,0,0,0,0,0,0,0,0,0,0,0,0,0,0,0,0,0,0,0,0,0,0,0,0,0,0,0,0,0,0,0,0,0,0,0,0,0,0,1,0,0,0,0,0,0,0,0,0,0,22430291.0
226,0.0,0.0,0.0,0.0,0.0,0.0,0.0,0.0,0.0,0.0,648.0,16906.0,19592.0,0.0,0.0,0.0,568390.0,0.0,0.0,132533.0,2037.0,700923.0,1647778.0,5951.0,108601.0,102650.0,4340.0,112941.0,0.0,69.96242998,0,0,0,0,0,0,0,0,0,0,0,0,0,0,0,0,0,0,0,0,0,0,0,0,0,0,0,0,0,0,0,0,0,0,0,0,0,0,0,1,0,0,0,0,0,0,0,0,0,0,68063288.0
227,0.0,0.0,0.0,0.0,0.0,0.0,0.0,0.0,0.0,0.0,648.0,27437.0,35034.0,0.0,0.0,0.0,551151.0,0.0,0.0,147096.0,6949.0,698247.0,1675118.0,6992.0,107525.0,100533.0,4537.0,112062.0,0.0,74.14674879,0,0,0,0,0,0,0,0,0,0,0,0,0,0,0,0,0,0,0,0,0,0,0,0,0,0,0,0,0,0,0,0,0,0,0,0,0,0,0,1,0,0,0,0,0,0,0,0,0,0,64580916.0
228,0.0,0.0,0.0,0.0,0.0,0.0,0.0,0.0,0.0,0.0,648.0,26503.0,37758.0,0.0,0.0,0.0,585828.0,0.0,0.0,149844.0,10607.0,735672.0,1640751.0,8179.0,107922.0,99742.0,4164.0,112086.0,0.0,69.44598066,0,0,0,0,0,0,0,0,0,0,0,0,0,0,0,0,0,0,0,0,0,0,0,0,0,0,0,0,0,0,0,0,0,0,0,0,0,0,0,1,0,0,0,0,0,0,0,0,0,0,53928982.0
229,328.0,60.0,328.0,60.0,0.0,0.0,0.0,0.0,0.0,0.0,648.0,23897.0,24686.0,0.0,0.0,0.0,555909.0,0.0,0.0,128618.0,140.0,684526.0,1663373.0,0.0,98906.0,98906.0,4698.0,103604.0,0.0,73.39880613,0,0,0,0,0,0,0,0,0,0,0,0,0,0,0,0,0,0,0,0,0,0,0,0,0,0,0,0,0,0,0,0,0,0,0,0,0,0,0,1,0,0,0,0,0,0,0,0,0,0,3065630.0
230,1246.0,229.0,1246.0,229.0,0.0,0.0,0.0,0.0,0.0,0.0,466.0,88.0,23007.0,0.0,0.0,0.0,312569.0,0.0,0.0,46546.0,22261.0,359115.0,2140838.0,0.0,5994.0,5994.0,16299.0,22293.0,192.0,105.6200444,0,0,0,0,0,0,0,0,0,0,0,0,0,0,0,0,0,0,0,0,0,0,0,0,0,0,0,0,0,1,0,0,0,0,0,0,0,0,0,0,0,0,0,0,0,0,0,0,0,0,597439.0
231,191.0,35.0,191.0,35.0,0.0,0.0,0.0,0.0,0.0,0.0,466.0,126.0,26428.0,0.0,0.0,0.0,355948.0,0.0,0.0,45602.0,25630.0,401550.0,2089145.0,0.0,3044.0,3044.0,15938.0,18982.0,207.0,99.35210038,0,0,0,0,0,0,0,0,0,0,0,0,0,0,0,0,0,0,0,0,0,0,0,0,0,0,0,0,0,1,0,0,0,0,0,0,0,0,0,0,0,0,0,0,0,0,0,0,0,0,881961.0
232,0.0,0.0,0.0,0.0,0.0,0.0,0.0,0.0,0.0,0.0,466.0,324.0,29225.0,0.0,0.0,0.0,334373.0,0.0,0.0,48517.0,28230.0,382890.0,2194123.0,0.0,3690.0,3690.0,15601.0,19291.0,206.0,105.0688845,0,0,0,0,0,0,0,0,0,0,0,0,0,0,0,0,0,0,0,0,0,0,0,0,0,0,0,0,0,1,0,0,0,0,0,0,0,0,0,0,0,0,0,0,0,0,0,0,0,0,852979.0
233,0.0,0.0,0.0,0.0,0.0,0.0,0.0,0.0,0.0,0.0,466.0,236.0,32602.0,0.0,0.0,0.0,278147.0,0.0,0.0,49363.0,31705.0,327510.0,2098952.0,0.0,3303.0,3303.0,13457.0,16761.0,196.0,100.8319854,0,0,0,0,0,0,0,0,0,0,0,0,0,0,0,0,0,0,0,0,0,0,0,0,0,0,0,0,0,1,0,0,0,0,0,0,0,0,0,0,0,0,0,0,0,0,0,0,0,0,314035.0
234,1191.0,219.0,1191.0,219.0,0.0,0.0,0.0,0.0,0.0,0.0,466.0,89.0,21721.0,0.0,0.0,0.0,347851.0,0.0,0.0,45205.0,20966.0,393056.0,2183497.0,0.0,6465.0,6465.0,15827.0,22292.0,201.0,103.6600002,0,0,0,0,0,0,0,0,0,0,0,0,0,0,0,0,0,0,0,0,0,0,0,0,0,0,0,0,0,1,0,0,0,0,0,0,0,0,0,0,0,0,0,0,0,0,0,0,0,0,1130951.0
235,1300.0,239.0,40207.0,7063.0,0.0,0.0,0.0,5.722,38907.0,6824.0,5193.0,14442.0,64076.0,108450.0,1.063,102003.0,329999.0,32266.0,5639.0,216674.0,1089.0,687389.0,2806190.0,0.0,90056.0,90056.0,22336.0,112392.0,43351.0,154.5188531,0,0,0,0,0,0,0,0,0,0,0,0,0,0,0,0,0,0,0,0,0,1,0,0,0,0,0,0,0,0,0,0,0,0,0,0,0,0,0,0,0,0,0,0,0,0,0,0,0,0,1293489.0
236,1269.0,234.0,47787.0,8392.0,0.0,0.0,0.0,5.723,46518.0,8158.0,5193.0,15468.0,70181.0,102619.0,1.064,96451.0,338675.0,31597.0,5521.0,225919.0,1692.0,698809.0,2798055.0,0.0,85599.0,85599.0,22352.0,107951.0,47827.0,155.6806782,0,0,0,0,0,0,0,0,0,0,0,0,0,0,0,0,0,0,0,0,0,1,0,0,0,0,0,0,0,0,0,0,0,0,0,0,0,0,0,0,0,0,0,0,0,0,0,0,0,0,1287282.0
237,1683.0,310.0,50752.0,8905.0,0.0,0.0,0.0,5.706,49068.0,8595.0,5193.0,14286.0,71467.0,95841.0,1.07,89572.0,318655.0,31058.0,5443.0,237163.0,2304.0,682717.0,2911393.0,0.0,92197.0,92197.0,22748.0,114945.0,49683.0,163.7174435,0,0,0,0,0,0,0,0,0,0,0,0,0,0,0,0,0,0,0,0,0,1,0,0,0,0,0,0,0,0,0,0,0,0,0,0,0,0,0,0,0,0,0,0,0,0,0,0,0,0,936266.0
238,1345.0,247.0,47973.0,8433.0,0.0,0.0,0.0,5.698,46629.0,8186.0,5193.0,14691.0,74520.0,90423.0,1.077,83969.0,343639.0,29493.0,5176.0,233688.0,2758.0,697242.0,2880159.0,0.0,92140.0,92140.0,19054.0,111194.0,51878.0,159.2399805,0,0,0,0,0,0,0,0,0,0,0,0,0,0,0,0,0,0,0,0,0,1,0,0,0,0,0,0,0,0,0,0,0,0,0,0,0,0,0,0,0,0,0,0,0,0,0,0,0,0,2360732.0
239,712.0,131.0,39033.0,6844.0,0.0,0.0,0.0,5.717,38321.0,6713.0,5193.0,13971.0,64720.0,114061.0,1.059,107664.0,306773.0,37504.0,6560.0,223234.0,853.0,681571.0,2826679.0,0.0,98215.0,98215.0,21266.0,119481.0,44702.0,164.4556231,0,0,0,0,0,0,0,0,0,0,0,0,0,0,0,0,0,0,0,0,0,1,0,0,0,0,0,0,0,0,0,0,0,0,0,0,0,0,0,0,0,0,0,0,0,0,0,0,0,0,3049845.0
240,5377.0,990.0,5377.0,990.0,974.0,19.705,49.0,5.722,0.0,0.0,808.0,32958.0,34139.0,839485.0,1.02,823196.0,140370.0,31580.0,5519.0,115419.0,372.0,1127828.0,1053706.0,0.0,70786.0,70786.0,5118.0,75904.0,0.0,62.12624984,0,0,0,1,0,0,0,0,0,0,0,0,0,0,0,0,0,0,0,0,0,0,0,0,0,0,0,0,0,0,0,0,0,0,0,0,0,0,0,0,0,0,0,0,0,0,0,0,0,0,4637664.0
241,6760.0,1244.0,6760.0,1244.0,832.0,19.472,43.0,5.723,0.0,0.0,808.0,27117.0,28367.0,708482.0,1.02,694676.0,132736.0,30263.0,5288.0,116692.0,442.0,989005.0,1057701.0,5455.0,77206.0,71751.0,4359.0,81565.0,0.0,64.17625679,0,0,0,1,0,0,0,0,0,0,0,0,0,0,0,0,0,0,0,0,0,0,0,0,0,0,0,0,0,0,0,0,0,0,0,0,0,0,0,0,0,0,0,0,0,0,0,0,0,0,2069460.0
242,9499.0,1748.0,9499.0,1748.0,0.0,0.0,0.0,5.706,0.0,0.0,808.0,27392.0,30317.0,600455.0,1.018,589985.0,132996.0,28553.0,5004.0,126121.0,2117.0,888125.0,1116757.0,8489.0,82077.0,73588.0,4228.0,86305.0,0.0,70.78614615,0,0,0,1,0,0,0,0,0,0,0,0,0,0,0,0,0,0,0,0,0,0,0,0,0,0,0,0,0,0,0,0,0,0,0,0,0,0,0,0,0,0,0,0,0,0,0,0,0,0,79970512.0
243,8589.0,1581.0,8589.0,1581.0,0.0,0.0,0.0,5.698,0.0,0.0,808.0,36819.0,39884.0,534585.0,1.019,524757.0,141750.0,27538.0,4833.0,133513.0,2256.0,837386.0,1096477.0,8833.0,81001.0,72168.0,4040.0,85041.0,0.0,65.07220242,0,0,0,1,0,0,0,0,0,0,0,0,0,0,0,0,0,0,0,0,0,0,0,0,0,0,0,0,0,0,0,0,0,0,0,0,0,0,0,0,0,0,0,0,0,0,0,0,0,0,60034678.0
244,4429.0,815.0,4429.0,815.0,1819.0,19.893,91.0,5.717,0.0,0.0,808.0,33261.0,34194.0,1031466.0,1.021,1010382.0,144716.0,35611.0,6229.0,117840.0,124.0,1331452.0,1062359.0,0.0,75417.0,75417.0,3799.0,79217.0,0.0,59.05336455,0,0,0,1,0,0,0,0,0,0,0,0,0,0,0,0,0,0,0,0,0,0,0,0,0,0,0,0,0,0,0,0,0,0,0,0,0,0,0,0,0,0,0,0,0,0,0,0,0,0,13453887.0
245,4466.0,822.0,4466.0,822.0,14440.0,22.072,654.0,5.722,0.0,0.0,24.0,23758.0,209175.0,2864577.0,1.161,2468312.0,0.0,885142.0,154691.0,243569.0,115.0,4007728.0,1624919.0,0.0,22216.0,22216.0,7712.0,29928.0,185278.0,96.1010241,0,0,0,0,0,0,0,0,0,0,0,0,0,0,0,0,0,0,0,0,0,0,0,0,0,0,0,0,0,0,0,0,0,0,0,1,0,0,0,0,0,0,0,0,0,0,0,0,0,0,1341097.0
246,4644.0,855.0,4644.0,855.0,12590.0,22.428,561.0,5.723,0.0,0.0,24.0,18760.0,236582.0,2936597.0,1.168,2513896.0,0.0,949291.0,165873.0,274848.0,382.0,4173327.0,1647508.0,0.0,28016.0,28016.0,5606.0,33622.0,217416.0,93.44516627,0,0,0,0,0,0,0,0,0,0,0,0,0,0,0,0,0,0,0,0,0,0,0,0,0,0,0,0,0,0,0,0,0,0,0,1,0,0,0,0,0,0,0,0,0,0,0,0,0,0,2449186.0
247,4496.0,828.0,4496.0,828.0,15121.0,21.108,716.0,5.706,0.0,0.0,24.0,18526.0,268128.0,3346437.0,1.164,2875787.0,0.0,1140196.0,199824.0,308589.0,691.0,4810343.0,1715294.0,0.0,30026.0,30026.0,5939.0,35965.0,248887.0,98.01036447,0,0,0,0,0,0,0,0,0,0,0,0,0,0,0,0,0,0,0,0,0,0,0,0,0,0,0,0,0,0,0,0,0,0,0,1,0,0,0,0,0,0,0,0,0,0,0,0,0,0,1495639.0
248,4115.0,757.0,4115.0,757.0,5153.0,22.665,227.0,5.698,0.0,0.0,24.0,34758.0,293834.0,3545508.0,1.168,3036052.0,0.0,1228381.0,215581.0,332320.0,734.0,5111362.0,1684997.0,0.0,28447.0,28447.0,5924.0,34371.0,258317.0,90.83789996,0,0,0,0,0,0,0,0,0,0,0,0,0,0,0,0,0,0,0,0,0,0,0,0,0,0,0,0,0,0,0,0,0,0,0,1,0,0,0,0,0,0,0,0,0,0,0,0,0,0,645165.0
249,3486.0,642.0,3486.0,642.0,17422.0,22.33,780.0,5.717,0.0,0.0,24.0,24825.0,155674.0,2880137.0,1.152,2499599.0,0.0,949416.0,166069.0,187199.0,71.0,4034174.0,1625556.0,0.0,22227.0,22227.0,5812.0,28038.0,130754.0,100.2883311,0,0,0,0,0,0,0,0,0,0,0,0,0,0,0,0,0,0,0,0,0,0,0,0,0,0,0,0,0,0,0,0,0,0,0,1,0,0,0,0,0,0,0,0,0,0,0,0,0,0,1677872.0
