,BDFDB,BDPRP,BFFDB,BFPRP,CLPRB,CLPRK,CLPRP,COPRK,EMFDB,ENPRP,GETCB,HYTCB,NCPRB,NGMPB,NGMPK,NGMPP,NUETB,PAPRB,PAPRP,REPRB,SOTCB,TEPRB,TETCB,WDEXB,WDPRB,WDTCB,WSTCB,WWPRB,WYTCB,CO2,CurrentAssistance,State_Alabama,State_Alaska,State_Arizona,State_Arkansas,State_California,State_Colorado,State_Connecticut,State_Delaware,State_Florida,State_Georgia,State_Hawaii,State_Idaho,State_Illinois,State_Indiana,State_Iowa,State_Kansas,State_Kentucky,State_Louisiana,State_Maine,State_Maryland,State_Massachusetts,State_Michigan,State_Minnesota,State_Mississippi,State_Missouri,State_Montana,State_Nebraska,State_Nevada,State_New Hampshire,State_New Jersey,State_New Mexico,State_New York,State_North Carolina,State_North Dakota,State_Ohio,State_Oklahoma,State_Oregon,State_Pennsylvania,State_Rhode Island,State_South Carolina,State_South Dakota,State_Tennessee,State_Texas,State_Utah,State_Vermont,State_Virginia,State_Washington,State_West Virginia,State_Wisconsin,State_Wyoming,TargetAssistance
0,3245.0,597.0,82079.0,14424.0,0.0,0.0,0.0,0.0,78834.0,13827.0,615.0,25806.0,40993.0,0.0,0.0,0.0,106173.0,0.0,0.0,224249.0,583.0,330423.0,1801012.0,0.0,91748.0,91748.0,9430.0,101178.0,13989.0,95.6153185,7777098.0,0,0,0,0,0,0,0,0,0,0,0,0,0,0,0,0,0,0,0,0,0,0,0,0,0,0,0,0,0,0,0,0,0,0,0,0,0,0,0,0,0,0,0,0,0,0,0,0,1,0,2622475.0
1,1894.0,349.0,83624.0,14682.0,0.0,0.0,0.0,0.0,81729.0,14333.0,615.0,24481.0,41165.0,0.0,0.0,0.0,100919.0,0.0,0.0,224172.0,953.0,325091.0,1817947.0,0.0,90051.0,90051.0,9333.0,99384.0,15116.0,98.64308793,2622475.0,0,0,0,0,0,0,0,0,0,0,0,0,0,0,0,0,0,0,0,0,0,0,0,0,0,0,0,0,0,0,0,0,0,0,0,0,0,0,0,0,0,0,0,0,0,0,0,0,1,0,2067441.0
2,2614.0,481.0,79450.0,13941.0,0.0,0.0,0.0,0.0,76836.0,13460.0,615.0,21813.0,37744.0,0.0,0.0,0.0,104666.0,0.0,0.0,223881.0,505.0,328547.0,1814408.0,0.0,97353.0,97353.0,9334.0,106687.0,14811.0,99.85701526,3755629.0,0,0,0,0,0,0,0,0,0,0,0,0,0,0,0,0,0,0,0,0,0,0,0,0,0,0,0,0,0,0,0,0,0,0,0,0,0,0,0,0,0,0,0,0,0,0,0,0,1,0,7777098.0
3,5658.0,1041.0,9693.0,1749.0,1041121.0,24.279,42881.0,5.722,4035.0,708.0,2712.0,32108.0,35186.0,102591.0,1.119,91640.0,0.0,14849.0,2595.0,76971.0,366.0,1235531.0,1704124.0,0.0,30577.0,30577.0,1514.0,32092.0,0.0,126.8081795,2257870.0,0,0,0,0,0,0,0,0,0,0,0,0,0,0,0,0,1,0,0,0,0,0,0,0,0,0,0,0,0,0,0,0,0,0,0,0,0,0,0,0,0,0,0,0,0,0,0,0,0,0,1948714.0
4,5989.0,1102.0,10054.0,1815.0,1015108.0,24.281,41807.0,5.723,4065.0,713.0,2712.0,41514.0,44707.0,101295.0,1.142,88715.0,0.0,14176.0,2477.0,89649.0,481.0,1220228.0,1662333.0,0.0,33288.0,33288.0,1600.0,34889.0,0.0,116.7819997,1948714.0,0,0,0,0,0,0,0,0,0,0,0,0,0,0,0,0,1,0,0,0,0,0,0,0,0,0,0,0,0,0,0,0,0,0,0,0,0,0,0,0,0,0,0,0,0,0,0,0,0,0,2944583.0
5,4524.0,833.0,8246.0,1485.0,1486019.0,24.189,61434.0,5.717,3723.0,652.0,2712.0,31717.0,34627.0,108080.0,1.127,95907.0,0.0,16362.0,2862.0,75319.0,198.0,1685780.0,1730308.0,0.0,30971.0,30971.0,1475.0,32445.0,0.0,131.3429697,315635700.0,0,0,0,0,0,0,0,0,0,0,0,0,0,0,0,0,1,0,0,0,0,0,0,0,0,0,0,0,0,0,0,0,0,0,0,0,0,0,0,0,0,0,0,0,0,0,0,0,0,0,2257870.0
6,130.0,24.0,130.0,24.0,0.0,0.0,0.0,0.0,0.0,0.0,57.0,20.0,771.0,0.0,0.0,0.0,0.0,0.0,0.0,4700.0,450.0,4700.0,185173.0,0.0,1688.0,1688.0,2110.0,3799.0,245.0,9.588941638,489512.0,0,0,0,0,0,0,0,0,0,0,0,0,0,0,0,0,0,0,0,0,0,0,0,0,0,0,0,0,0,0,0,0,0,0,0,0,0,0,1,0,0,0,0,0,0,0,0,0,0,0,547069.0
7,156.0,29.0,156.0,29.0,0.0,0.0,0.0,0.0,0.0,0.0,57.0,22.0,2129.0,0.0,0.0,0.0,0.0,0.0,0.0,5967.0,679.0,5967.0,182325.0,0.0,1645.0,1645.0,2037.0,3682.0,1372.0,9.965275351,547069.0,0,0,0,0,0,0,0,0,0,0,0,0,0,0,0,0,0,0,0,0,0,0,0,0,0,0,0,0,0,0,0,0,0,0,0,0,0,0,1,0,0,0,0,0,0,0,0,0,0,0,661136.0
8,94.0,17.0,94.0,17.0,0.0,0.0,0.0,0.0,0.0,0.0,57.0,29.0,477.0,0.0,0.0,0.0,0.0,0.0,0.0,4886.0,298.0,4886.0,202693.0,0.0,2146.0,2146.0,2170.0,4315.0,94.0,10.80452453,671306.0,0,0,0,0,0,0,0,0,0,0,0,0,0,0,0,0,0,0,0,0,0,0,0,0,0,0,0,0,0,0,0,0,0,0,0,0,0,0,1,0,0,0,0,0,0,0,0,0,0,0,489512.0
9,9254.0,1703.0,65607.0,11587.0,399856.0,14.219,28121.0,5.722,56353.0,9884.0,978.0,17652.0,94079.0,766865.0,1.441,531997.0,0.0,2161886.0,377820.0,162635.0,7.0,3491242.0,583657.0,0.0,1021.0,1021.0,1928.0,2949.0,75443.0,54.93206111,502584.0,0,0,0,0,0,0,0,0,0,0,0,0,0,0,0,0,0,0,0,0,0,0,0,0,0,0,0,0,0,0,0,0,0,1,0,0,0,0,0,0,0,0,0,0,0,0,0,0,0,0,477713.0
10,10389.0,1912.0,79984.0,14117.0,394022.0,13.687,28788.0,5.723,69595.0,12205.0,978.0,23789.0,129426.0,857330.0,1.443,593998.0,0.0,2235455.0,390609.0,212086.0,7.0,3698893.0,633995.0,0.0,839.0,839.0,1837.0,2676.0,104653.0,56.92163503,477713.0,0,0,0,0,0,0,0,0,0,0,0,0,0,0,0,0,0,0,0,0,0,0,0,0,0,0,0,0,0,0,0,0,0,1,0,0,0,0,0,0,0,0,0,0,0,0,0,0,0,0,520857.0
11,8545.0,1573.0,57786.0,10199.0,392183.0,13.617,28802.0,5.717,49241.0,8626.0,978.0,19516.0,81127.0,678977.0,1.44,471360.0,0.0,2456200.0,429631.0,141748.0,7.0,3669109.0,608353.0,0.0,865.0,865.0,1971.0,2835.0,60627.0,57.9230603,420940.0,0,0,0,0,0,0,0,0,0,0,0,0,0,0,0,0,0,0,0,0,0,0,0,0,0,0,0,0,0,0,0,0,0,1,0,0,0,0,0,0,0,0,0,0,0,0,0,0,0,0,502584.0
12,18598.0,3423.0,252801.0,44501.0,977131.0,22.424,43575.0,5.722,234203.0,41078.0,2042.0,1226.0,103746.0,2317.0,1.061,2183.0,1031331.0,49432.0,8639.0,375139.0,2033.0,2435349.0,3925630.0,0.0,7597.0,7597.0,10995.0,18592.0,98445.0,207.4305588,1325335.0,0,0,0,0,0,0,0,0,0,0,0,0,1,0,0,0,0,0,0,0,0,0,0,0,0,0,0,0,0,0,0,0,0,0,0,0,0,0,0,0,0,0,0,0,0,0,0,0,0,0,1262924.0
13,17714.0,3260.0,243223.0,42808.0,1079624.0,22.351,48303.0,5.723,225509.0,39548.0,2042.0,1153.0,118502.0,2260.0,1.06,2131.0,1016522.0,47581.0,8314.0,378606.0,2285.0,2524593.0,3890442.0,0.0,7430.0,7430.0,9450.0,16880.0,113023.0,205.9749865,1262924.0,0,0,0,0,0,0,0,0,0,0,0,0,1,0,0,0,0,0,0,0,0,0,0,0,0,0,0,0,0,0,0,0,0,0,0,0,0,0,0,0,0,0,0,0,0,0,0,0,0,0,5112413.0
14,19087.0,3513.0,230655.0,40575.0,1252879.0,22.282,56227.0,5.717,211568.0,37062.0,2042.0,1160.0,105293.0,2210.0,1.062,2080.0,1017377.0,54426.0,9520.0,355359.0,1938.0,2682250.0,3920125.0,0.0,8185.0,8185.0,11225.0,19411.0,100154.0,219.157681,2533998.0,0,0,0,0,0,0,0,0,0,0,0,0,1,0,0,0,0,0,0,0,0,0,0,0,0,0,0,0,0,0,0,0,0,0,0,0,0,0,0,0,0,0,0,0,0,0,0,0,0,0,1325335.0
15,21036.0,3872.0,58928.0,10518.0,5125.0,21.912,234.0,5.722,37892.0,6646.0,352.0,11711.0,24297.0,1.0,1.024,1.0,98630.0,704.0,123.0,105876.0,1876.0,210336.0,1781656.0,0.0,20211.0,20211.0,2441.0,22652.0,10357.0,119.0157079,10631411.0,0,0,0,0,0,0,0,0,0,0,0,0,0,0,0,0,0,0,0,0,0,0,0,0,1,0,0,0,0,0,0,0,0,0,0,0,0,0,0,0,0,0,0,0,0,0,0,0,0,0,4957942.0
16,22091.0,4066.0,61025.0,10894.0,5321.0,21.776,244.0,5.723,38934.0,6828.0,352.0,10886.0,32395.0,1.0,1.01,1.0,86853.0,664.0,116.0,116838.0,2433.0,209676.0,1742207.0,0.0,19183.0,19183.0,4235.0,23417.0,18724.0,124.5052275,4957942.0,0,0,0,0,0,0,0,0,0,0,0,0,0,0,0,0,0,0,0,0,0,0,0,0,1,0,0,0,0,0,0,0,0,0,0,0,0,0,0,0,0,0,0,0,0,0,0,0,0,0,3637928.0
17,17585.0,3237.0,54724.0,9743.0,3178.0,22.992,138.0,5.717,37139.0,6506.0,352.0,14864.0,26386.0,1.0,1.012,1.0,109182.0,852.0,149.0,105635.0,1542.0,218848.0,1831407.0,0.0,22108.0,22108.0,2417.0,24526.0,9627.0,124.7473311,7036095.0,0,0,0,0,0,0,0,0,0,0,0,0,0,0,0,0,0,0,0,0,0,0,0,0,1,0,0,0,0,0,0,0,0,0,0,0,0,0,0,0,0,0,0,0,0,0,0,0,0,0,10631411.0
18,4761.0,876.0,18865.0,3350.0,1168609.0,25.468,45885.0,5.722,14104.0,2474.0,2162.0,21922.0,60247.0,5525743.0,1.061,5210208.0,867302.0,35888.0,6272.0,196773.0,4071.0,7794315.0,3762485.0,0.0,76880.0,76880.0,40781.0,117661.0,32093.0,217.9773815,2394977.0,0,0,0,0,0,0,0,0,0,0,0,0,0,0,0,0,0,0,0,0,0,0,0,0,0,0,0,0,0,0,0,0,0,0,0,0,0,1,0,0,0,0,0,0,0,0,0,0,0,0,2661655.0
19,5515.0,1015.0,18741.0,3335.0,1260516.0,25.656,49131.0,5.723,13227.0,2320.0,2162.0,28775.0,68701.0,5769945.0,1.058,5453638.0,870187.0,37554.0,6562.0,204952.0,4684.0,8143154.0,3766880.0,0.0,76403.0,76403.0,41107.0,117510.0,33080.0,215.2868489,2661655.0,0,0,0,0,0,0,0,0,0,0,0,0,0,0,0,0,0,0,0,0,0,0,0,0,0,0,0,0,0,0,0,0,0,0,0,0,0,1,0,0,0,0,0,0,0,0,0,0,0,0,10494432.0
20,3216.0,592.0,16251.0,2875.0,1278078.0,25.124,50872.0,5.717,13035.0,2283.0,2162.0,24264.0,61427.0,5119772.0,1.064,4812983.0,842044.0,40522.0,7088.0,200534.0,3758.0,7480950.0,3897610.0,0.0,81888.0,81888.0,40968.0,122856.0,31244.0,232.9252268,4218295.0,0,0,0,0,0,0,0,0,0,0,0,0,0,0,0,0,0,0,0,0,0,0,0,0,0,0,0,0,0,0,0,0,0,0,0,0,0,1,0,0,0,0,0,0,0,0,0,0,0,0,2394977.0
21,57.0,10.0,6204.0,1089.0,116678.0,21.516,5423.0,5.722,6147.0,1078.0,345.0,66173.0,124372.0,49.0,1.037,47.0,338636.0,46.0,8.0,138522.0,52854.0,593930.0,1524720.0,0.0,7481.0,7481.0,465.0,7946.0,5000.0,90.85562563,2053339.0,0,0,1,0,0,0,0,0,0,0,0,0,0,0,0,0,0,0,0,0,0,0,0,0,0,0,0,0,0,0,0,0,0,0,0,0,0,0,0,0,0,0,0,0,0,0,0,0,0,0,1714281.0
22,0.0,0.0,6584.0,1155.0,134024.0,21.543,6221.0,5.723,6584.0,1155.0,345.0,62942.0,134856.0,58.0,1.041,56.0,338246.0,74.0,13.0,149493.0,66318.0,621896.0,1531479.0,0.0,7541.0,7541.0,512.0,8053.0,5251.0,90.47614096,1714281.0,0,0,1,0,0,0,0,0,0,0,0,0,0,0,0,0,0,0,0,0,0,0,0,0,0,0,0,0,0,0,0,0,0,0,0,0,0,0,0,0,0,0,0,0,0,0,0,0,0,0,539053.0
23,12.0,2.0,6602.0,1157.0,146450.0,21.522,6805.0,5.717,6590.0,1154.0,345.0,60906.0,113693.0,99.0,1.04,95.0,340153.0,212.0,37.0,128954.0,48229.0,615867.0,1495858.0,0.0,8001.0,8001.0,658.0,8659.0,4213.0,94.97878443,1724853.0,0,0,1,0,0,0,0,0,0,0,0,0,0,0,0,0,0,0,0,0,0,0,0,0,0,0,0,0,0,0,0,0,0,0,0,0,0,0,0,0,0,0,0,0,0,0,0,0,0,0,2053339.0
24,8006.0,1474.0,14736.0,2654.0,32349.0,11.272,2870.0,5.722,6731.0,1181.0,958.0,0.0,1031.0,50418.0,1.039,48504.0,61680.0,116649.0,20386.0,78133.0,73.0,339228.0,1071689.0,9243.0,60285.0,51042.0,2081.0,62366.0,0.0,62.31469737,96309030.0,0,0,0,0,0,0,0,0,0,0,0,0,0,0,0,0,0,0,0,0,0,0,0,1,0,0,0,0,0,0,0,0,0,0,0,0,0,0,0,0,0,0,0,0,0,0,0,0,0,0,2686540.0
25,6733.0,1239.0,13572.0,2439.0,32019.0,12.298,2604.0,5.723,6839.0,1199.0,958.0,0.0,1861.0,39719.0,1.033,38438.0,77027.0,101772.0,17783.0,71032.0,903.0,321569.0,1068298.0,7511.0,53355.0,45845.0,2243.0,55599.0,0.0,60.46289527,2686540.0,0,0,0,0,0,0,0,0,0,0,0,0,0,0,0,0,0,0,0,0,0,0,0,1,0,0,0,0,0,0,0,0,0,0,0,0,0,0,0,0,0,0,0,0,0,0,0,0,0,0,3767073.0
26,1898.0,349.0,5911.0,1052.0,34528.0,10.984,3143.0,5.717,4012.0,703.0,958.0,0.0,988.0,60476.0,1.039,58181.0,122511.0,142485.0,24923.0,60419.0,29.0,420420.0,1085042.0,0.0,51479.0,51479.0,2042.0,53521.0,0.0,61.29692129,3710526.0,0,0,0,0,0,0,0,0,0,0,0,0,0,0,0,0,0,0,0,0,0,0,0,1,0,0,0,0,0,0,0,0,0,0,0,0,0,0,0,0,0,0,0,0,0,0,0,0,0,0,96309030.0
27,22916.0,4218.0,71381.0,12718.0,515707.0,13.223,39001.0,5.722,48465.0,8500.0,2478.0,12389.0,556938.0,8659990.0,1.199,7225471.0,440109.0,6683754.0,1168080.0,709194.0,10946.0,17008753.0,12986076.0,0.0,53208.0,53208.0,27667.0,80874.0,531124.0,656.7493464,83607077.0,0,0,0,0,0,0,0,0,0,0,0,0,0,0,0,0,0,0,0,0,0,0,0,0,0,0,0,0,0,0,0,0,0,0,0,0,0,0,0,0,0,0,1,0,0,0,0,0,0,0,98254981.0
28,25313.0,4659.0,74708.0,13322.0,474274.0,13.036,36382.0,5.723,49395.0,8663.0,2478.0,9784.0,655250.0,8735219.0,1.209,7223841.0,403523.0,7297941.0,1275195.0,810455.0,25155.0,17721412.0,13173303.0,0.0,55169.0,55169.0,25328.0,80497.0,617833.0,664.9673475,98254981.0,0,0,0,0,0,0,0,0,0,0,0,0,0,0,0,0,0,0,0,0,0,0,0,0,0,0,0,0,0,0,0,0,0,0,0,0,0,0,0,0,0,0,1,0,0,0,0,0,0,0,46570295.0
29,18977.0,3493.0,66021.0,11734.0,471257.0,13.12,35918.0,5.717,47044.0,8241.0,2478.0,8913.0,435590.0,9392314.0,1.19,7890459.0,411571.0,7213013.0,1261678.0,583008.0,6397.0,18071163.0,12757827.0,0.0,54367.0,54367.0,27029.0,81397.0,417802.0,655.1432269,2671308.0,0,0,0,0,0,0,0,0,0,0,0,0,0,0,0,0,0,0,0,0,0,0,0,0,0,0,0,0,0,0,0,0,0,0,0,0,0,0,0,0,0,0,1,0,0,0,0,0,0,0,83607077.0
30,250.0,46.0,25503.0,4475.0,16596.0,25.771,644.0,5.722,25253.0,4429.0,213.0,62538.0,64645.0,4180.0,1.16,3603.0,309357.0,1471.0,257.0,154183.0,1546.0,485787.0,2207227.0,0.0,58624.0,58624.0,5411.0,64036.0,348.0,101.3548028,1102457.0,0,0,0,0,0,0,0,0,0,0,0,0,0,0,0,0,0,0,0,0,0,0,0,0,0,0,0,0,0,0,0,0,0,0,0,0,0,0,0,0,0,1,0,0,0,0,0,0,0,0,889496.0
31,244.0,45.0,25649.0,4500.0,11168.0,25.905,431.0,5.723,25404.0,4455.0,213.0,80071.0,82362.0,3515.0,1.179,2982.0,332779.0,1551.0,271.0,166421.0,1679.0,515435.0,2145679.0,0.0,52821.0,52821.0,5589.0,58411.0,399.0,97.40767095,889496.0,0,0,0,0,0,0,0,0,0,0,0,0,0,0,0,0,0,0,0,0,0,0,0,0,0,0,0,0,0,0,0,0,0,0,0,0,0,0,0,0,0,1,0,0,0,0,0,0,0,0,4038180.0
32,184.0,34.0,23845.0,4179.0,23192.0,25.841,897.0,5.717,23661.0,4145.0,213.0,89288.0,91221.0,4959.0,1.16,4276.0,261037.0,1692.0,296.0,182019.0,1294.0,472899.0,2179722.0,0.0,61479.0,61479.0,5474.0,66953.0,427.0,98.70392565,3275928.0,0,0,0,0,0,0,0,0,0,0,0,0,0,0,0,0,0,0,0,0,0,0,0,0,0,0,0,0,0,0,0,0,0,0,0,0,0,0,0,0,0,1,0,0,0,0,0,0,0,0,1102457.0
33,8373.0,1541.0,8373.0,1541.0,0.0,0.0,0.0,0.0,0.0,0.0,1136.0,723289.0,799624.0,0.0,0.0,0.0,100674.0,0.0,0.0,930780.0,957.0,1031454.0,2056396.0,0.0,114342.0,114342.0,8441.0,122783.0,74242.0,79.4036955,2515938.0,0,0,0,0,0,0,0,0,0,0,0,0,0,0,0,0,0,0,0,0,0,0,0,0,0,0,0,0,0,0,0,0,0,0,0,0,0,0,0,0,0,0,0,0,0,0,1,0,0,0,6910234.0
34,9204.0,1694.0,9204.0,1694.0,0.0,0.0,0.0,0.0,0.0,0.0,1136.0,757151.0,823289.0,0.0,0.0,0.0,85013.0,0.0,0.0,950220.0,1201.0,1035233.0,2075340.0,0.0,109704.0,109704.0,8023.0,117726.0,63801.0,79.11865344,6910234.0,0,0,0,0,0,0,0,0,0,0,0,0,0,0,0,0,0,0,0,0,0,0,0,0,0,0,0,0,0,0,0,0,0,0,0,0,0,0,0,0,0,0,0,0,0,0,1,0,0,0,3061489.0
35,7251.0,1335.0,7251.0,1335.0,0.0,0.0,0.0,0.0,0.0,0.0,1136.0,684060.0,751781.0,0.0,0.0,0.0,85347.0,0.0,0.0,872328.0,649.0,957675.0,1995985.0,0.0,104876.0,104876.0,8421.0,113296.0,65936.0,75.13711456,1978193.0,0,0,0,0,0,0,0,0,0,0,0,0,0,0,0,0,0,0,0,0,0,0,0,0,0,0,0,0,0,0,0,0,0,0,0,0,0,0,0,0,0,0,0,0,0,0,1,0,0,0,2515938.0
36,451.0,83.0,451.0,83.0,0.0,0.0,0.0,0.0,0.0,0.0,2409.0,839.0,18961.0,0.0,0.0,0.0,0.0,0.0,0.0,27593.0,9813.0,27593.0,300390.0,0.0,35.0,35.0,8146.0,8181.0,5900.0,19.81846857,429104.0,0,0,0,0,0,0,0,0,0,0,1,0,0,0,0,0,0,0,0,0,0,0,0,0,0,0,0,0,0,0,0,0,0,0,0,0,0,0,0,0,0,0,0,0,0,0,0,0,0,0,1467132.0
37,479.0,88.0,479.0,88.0,0.0,0.0,0.0,0.0,0.0,0.0,2980.0,609.0,21070.0,0.0,0.0,0.0,0.0,0.0,0.0,26964.0,12579.0,26964.0,308376.0,0.0,106.0,106.0,5310.0,5415.0,4902.0,20.43258289,1467132.0,0,0,0,0,0,0,0,0,0,0,1,0,0,0,0,0,0,0,0,0,0,0,0,0,0,0,0,0,0,0,0,0,0,0,0,0,0,0,0,0,0,0,0,0,0,0,0,0,0,0,5818783.0
38,383.0,70.0,383.0,70.0,0.0,0.0,0.0,0.0,0.0,0.0,2154.0,1129.0,17353.0,0.0,0.0,0.0,0.0,0.0,0.0,24957.0,8360.0,24957.0,298992.0,0.0,38.0,38.0,7182.0,7220.0,5710.0,19.7810368,1033143.0,0,0,0,0,0,0,0,0,0,0,1,0,0,0,0,0,0,0,0,0,0,0,0,0,0,0,0,0,0,0,0,0,0,0,0,0,0,0,0,0,0,0,0,0,0,0,0,0,0,0,429104.0
39,1770.0,326.0,17166.0,3026.0,0.0,0.0,0.0,0.0,15397.0,2700.0,315.0,31137.0,41707.0,0.0,0.0,0.0,360633.0,0.0,0.0,282334.0,10256.0,642967.0,2951822.0,15655.0,212606.0,196951.0,10855.0,223461.0,0.0,144.537737,20155611.0,0,0,0,0,0,0,0,0,0,1,0,0,0,0,0,0,0,0,0,0,0,0,0,0,0,0,0,0,0,0,0,0,0,0,0,0,0,0,0,0,0,0,0,0,0,0,0,0,0,0,2884817.0
40,1739.0,320.0,16168.0,2850.0,0.0,0.0,0.0,0.0,14429.0,2530.0,315.0,22201.0,43232.0,0.0,0.0,0.0,352560.0,0.0,0.0,275016.0,20716.0,627576.0,2925877.0,17323.0,207534.0,190211.0,8082.0,215617.0,0.0,141.8352401,2884817.0,0,0,0,0,0,0,0,0,0,1,0,0,0,0,0,0,0,0,0,0,0,0,0,0,0,0,0,0,0,0,0,0,0,0,0,0,0,0,0,0,0,0,0,0,0,0,0,0,0,0,7882488.0
41,1242.0,229.0,14563.0,2562.0,0.0,0.0,0.0,0.0,13321.0,2334.0,315.0,27804.0,30579.0,0.0,0.0,0.0,353883.0,0.0,0.0,269514.0,2461.0,623396.0,2978591.0,0.0,195948.0,195948.0,28423.0,224371.0,0.0,145.6756383,6155856.0,0,0,0,0,0,0,0,0,0,1,0,0,0,0,0,0,0,0,0,0,0,0,0,0,0,0,0,0,0,0,0,0,0,0,0,0,0,0,0,0,0,0,0,0,0,0,0,0,0,0,20155611.0
42,0.0,0.0,0.0,0.0,0.0,0.0,0.0,0.0,0.0,0.0,29.0,9948.0,14000.0,0.0,0.0,0.0,0.0,0.0,0.0,35637.0,1335.0,35637.0,135276.0,0.0,21418.0,21418.0,220.0,21638.0,2688.0,5.913477445,873689.0,0,0,0,0,0,0,0,0,0,0,0,0,0,0,0,0,0,0,0,0,0,0,0,0,0,0,0,0,0,0,0,0,0,0,0,0,0,0,0,0,0,0,0,0,1,0,0,0,0,0,4591717.0
43,0.0,0.0,0.0,0.0,0.0,0.0,0.0,0.0,0.0,0.0,29.0,11796.0,16668.0,0.0,0.0,0.0,0.0,0.0,0.0,37792.0,2029.0,37792.0,134076.0,0.0,20957.0,20957.0,167.0,21124.0,2814.0,5.831030624,4591717.0,0,0,0,0,0,0,0,0,0,0,0,0,0,0,0,0,0,0,0,0,0,0,0,0,0,0,0,0,0,0,0,0,0,0,0,0,0,0,0,0,0,0,0,0,1,0,0,0,0,0,493740.0
44,0.0,0.0,0.0,0.0,0.0,0.0,0.0,0.0,0.0,0.0,29.0,10619.0,14724.0,0.0,0.0,0.0,0.0,0.0,0.0,38784.0,1044.0,38784.0,140546.0,0.0,23753.0,23753.0,307.0,24060.0,3032.0,6.126831312,47317173.0,0,0,0,0,0,0,0,0,0,0,0,0,0,0,0,0,0,0,0,0,0,0,0,0,0,0,0,0,0,0,0,0,0,0,0,0,0,0,0,0,0,0,0,0,1,0,0,0,0,0,873689.0
45,558.0,103.0,558.0,103.0,0.0,0.0,0.0,5.722,0.0,0.0,10056.0,1611.0,42513.0,1062.0,1.484,716.0,306658.0,11066.0,1934.0,223405.0,30846.0,542192.0,4362567.0,9939.0,108866.0,98926.0,71468.0,180333.0,0.0,238.8326956,4068360.0,0,0,0,0,0,0,0,0,1,0,0,0,0,0,0,0,0,0,0,0,0,0,0,0,0,0,0,0,0,0,0,0,0,0,0,0,0,0,0,0,0,0,0,0,0,0,0,0,0,0,1239122.0
46,855.0,157.0,855.0,157.0,0.0,0.0,0.0,5.723,0.0,0.0,10056.0,2011.0,50264.0,1048.0,1.48,708.0,304840.0,11005.0,1923.0,236674.0,38197.0,553568.0,4345055.0,9840.0,109274.0,99435.0,76280.0,185555.0,0.0,238.4284129,1239122.0,0,0,0,0,0,0,0,0,1,0,0,0,0,0,0,0,0,0,0,0,0,0,0,0,0,0,0,0,0,0,0,0,0,0,0,0,0,0,0,0,0,0,0,0,0,0,0,0,0,0,49550089.0
47,645.0,119.0,645.0,119.0,0.0,0.0,0.0,5.717,0.0,0.0,10056.0,2277.0,42466.0,1162.0,1.521,764.0,294099.0,12623.0,2208.0,223761.0,30133.0,531646.0,4324701.0,0.0,111608.0,111608.0,69043.0,180650.0,0.0,237.3833592,3527420.0,0,0,0,0,0,0,0,0,1,0,0,0,0,0,0,0,0,0,0,0,0,0,0,0,0,0,0,0,0,0,0,0,0,0,0,0,0,0,0,0,0,0,0,0,0,0,0,0,0,0,4068360.0
48,0.0,0.0,0.0,0.0,2041073.0,25.57,79823.0,5.722,0.0,0.0,32.0,15124.0,28482.0,1667404.0,1.204,1384458.0,0.0,43693.0,7636.0,39653.0,104.0,3791823.0,762366.0,0.0,11081.0,11081.0,90.0,11171.0,13222.0,94.48890006,614068.0,0,0,0,0,0,0,0,0,0,0,0,0,0,0,0,0,0,0,0,0,0,0,0,0,0,0,0,0,0,0,0,0,0,0,0,0,0,0,0,0,0,0,0,0,0,0,0,1,0,0,673413.0
49,0.0,0.0,0.0,0.0,2390309.0,25.752,92821.0,5.723,0.0,0.0,32.0,15280.0,30937.0,1836375.0,1.213,1514278.0,0.0,49372.0,8627.0,41643.0,126.0,4317700.0,753016.0,0.0,10632.0,10632.0,75.0,10706.0,15499.0,90.84162772,673413.0,0,0,0,0,0,0,0,0,0,0,0,0,0,0,0,0,0,0,0,0,0,0,0,0,0,0,0,0,0,0,0,0,0,0,0,0,0,0,0,0,0,0,0,0,0,0,0,1,0,0,946699.0
50,0.0,0.0,0.0,0.0,2447181.0,25.589,95633.0,5.717,0.0,0.0,32.0,12907.0,25858.0,1562536.0,1.188,1315248.0,0.0,66157.0,11572.0,37954.0,93.0,4113828.0,768657.0,0.0,11941.0,11941.0,155.0,12096.0,12825.0,91.96307825,491426.0,0,0,0,0,0,0,0,0,0,0,0,0,0,0,0,0,0,0,0,0,0,0,0,0,0,0,0,0,0,0,0,0,0,0,0,0,0,0,0,0,0,0,0,0,0,0,0,1,0,0,614068.0
51,0.0,0.0,9206.0,1615.0,0.0,0.0,0.0,5.722,9206.0,1615.0,2167.0,83395.0,109756.0,5208.0,1.123,4637.0,0.0,1230.0,215.0,151509.0,390.0,157946.0,540164.0,0.0,31050.0,31050.0,1497.0,32547.0,23804.0,18.3418212,1317624.0,0,0,0,0,0,0,0,0,0,0,0,1,0,0,0,0,0,0,0,0,0,0,0,0,0,0,0,0,0,0,0,0,0,0,0,0,0,0,0,0,0,0,0,0,0,0,0,0,0,0,988061.0
52,0.0,0.0,9367.0,1643.0,0.0,0.0,0.0,5.723,9367.0,1643.0,2280.0,98306.0,128436.0,4192.0,1.106,3791.0,0.0,521.0,91.0,173010.0,4405.0,177723.0,557104.0,0.0,33266.0,33266.0,1941.0,35206.0,23444.0,18.70279024,988061.0,0,0,0,0,0,0,0,0,0,0,0,1,0,0,0,0,0,0,0,0,0,0,0,0,0,0,0,0,0,0,0,0,0,0,0,0,0,0,0,0,0,0,0,0,0,0,0,0,0,0,1198524.0
53,0.0,0.0,8871.0,1554.0,0.0,0.0,0.0,5.717,8871.0,1554.0,2207.0,81603.0,105046.0,1192.0,1.106,1078.0,0.0,172.0,30.0,153503.0,81.0,154866.0,540252.0,0.0,32130.0,32130.0,7455.0,39585.0,21156.0,18.03591394,1895904.0,0,0,0,0,0,0,0,0,0,0,0,1,0,0,0,0,0,0,0,0,0,0,0,0,0,0,0,0,0,0,0,0,0,0,0,0,0,0,0,0,0,0,0,0,0,0,0,0,0,0,1317624.0
54,0.0,0.0,21669.0,3801.0,0.0,0.0,0.0,5.722,21669.0,3801.0,1185.0,248232.0,296467.0,13942.0,1.031,13523.0,434791.0,1287.0,225.0,412994.0,10674.0,863014.0,3768794.0,0.0,61123.0,61123.0,33736.0,94858.0,36376.0,170.1509065,2403723.0,0,0,0,0,0,0,0,0,0,0,0,0,0,0,0,0,0,0,0,0,0,0,0,0,0,0,0,0,0,0,0,1,0,0,0,0,0,0,0,0,0,0,0,0,0,0,0,0,0,0,789556.0
55,0.0,0.0,21022.0,3687.0,0.0,0.0,0.0,5.723,21022.0,3687.0,1185.0,277725.0,330933.0,11760.0,1.032,11395.0,441029.0,1105.0,193.0,447680.0,13919.0,901574.0,3776092.0,0.0,60164.0,60164.0,35562.0,95725.0,38105.0,165.8301752,789556.0,0,0,0,0,0,0,0,0,0,0,0,0,0,0,0,0,0,0,0,0,0,0,0,0,0,0,0,0,0,0,0,1,0,0,0,0,0,0,0,0,0,0,0,0,0,0,0,0,0,0,13144827.0
56,13.0,2.0,19793.0,3467.0,0.0,0.0,0.0,5.717,19780.0,3465.0,1185.0,242429.0,288404.0,17879.0,1.032,17325.0,466457.0,1635.0,286.0,409139.0,7729.0,895110.0,3838544.0,0.0,67532.0,67532.0,33410.0,100942.0,37061.0,174.3599244,5040800.0,0,0,0,0,0,0,0,0,0,0,0,0,0,0,0,0,0,0,0,0,0,0,0,0,0,0,0,0,0,0,0,1,0,0,0,0,0,0,0,0,0,0,0,0,0,0,0,0,0,0,2403723.0
57,12981.0,2389.0,166925.0,29390.0,654493.0,22.752,28767.0,5.722,153944.0,27001.0,4647.0,3935.0,56205.0,6441.0,1.038,6205.0,0.0,10397.0,1817.0,257458.0,2391.0,928789.0,2777075.0,0.0,17951.0,17951.0,16378.0,34328.0,45232.0,181.8275677,11391681.0,0,0,0,0,0,0,0,0,0,0,0,0,0,1,0,0,0,0,0,0,0,0,0,0,0,0,0,0,0,0,0,0,0,0,0,0,0,0,0,0,0,0,0,0,0,0,0,0,0,0,4052088.0
58,12711.0,2340.0,169356.0,29811.0,713397.0,22.668,31472.0,5.723,156644.0,27471.0,4647.0,2820.0,57387.0,6168.0,1.043,5914.0,0.0,10181.0,1779.0,260439.0,3032.0,990185.0,2674436.0,0.0,17548.0,17548.0,16148.0,33696.0,46889.0,175.8904931,4052088.0,0,0,0,0,0,0,0,0,0,0,0,0,0,1,0,0,0,0,0,0,0,0,0,0,0,0,0,0,0,0,0,0,0,0,0,0,0,0,0,0,0,0,0,0,0,0,0,0,0,0,5700232.0
59,11841.0,2179.0,155552.0,27354.0,776493.0,22.641,34295.0,5.717,143711.0,25175.0,4647.0,3553.0,51990.0,7446.0,1.027,7250.0,0.0,12686.0,2219.0,242141.0,1714.0,1038766.0,2826490.0,0.0,18061.0,18061.0,16538.0,34599.0,42077.0,187.2335142,2525723.0,0,0,0,0,0,0,0,0,0,0,0,0,0,1,0,0,0,0,0,0,0,0,0,0,0,0,0,0,0,0,0,0,0,0,0,0,0,0,0,0,0,0,0,0,0,0,0,0,0,0,11391681.0
60,0.0,0.0,19461.0,3413.0,270920.0,21.444,12634.0,5.722,19461.0,3413.0,759.0,17565.0,114808.0,1981005.0,1.175,1685756.0,0.0,663969.0,116038.0,149600.0,9509.0,3065494.0,1470307.0,0.0,14233.0,14233.0,1098.0,15331.0,86977.0,88.42427593,1800615.0,0,0,0,0,0,1,0,0,0,0,0,0,0,0,0,0,0,0,0,0,0,0,0,0,0,0,0,0,0,0,0,0,0,0,0,0,0,0,0,0,0,0,0,0,0,0,0,0,0,0,1385451.0
61,0.0,0.0,19828.0,3477.0,320001.0,21.267,15047.0,5.723,19828.0,3477.0,759.0,17479.0,118027.0,2028824.0,1.189,1706364.0,0.0,744780.0,130138.0,153379.0,13973.0,3246984.0,1477307.0,0.0,14434.0,14434.0,1090.0,15524.0,85816.0,88.77624019,1385451.0,0,0,0,0,0,1,0,0,0,0,0,0,0,0,0,0,0,0,0,0,0,0,0,0,0,0,0,0,0,0,0,0,0,0,0,0,0,0,0,0,0,0,0,0,0,0,0,0,0,0,29876375.0
62,0.0,0.0,19861.0,3479.0,403605.0,21.379,18879.0,5.717,19861.0,3479.0,759.0,15098.0,91789.0,1965188.0,1.164,1688733.0,0.0,698737.0,122221.0,126586.0,6270.0,3194117.0,1501006.0,0.0,13804.0,13804.0,1133.0,14936.0,69662.0,91.30387161,1658730.0,0,0,0,0,0,1,0,0,0,0,0,0,0,0,0,0,0,0,0,0,0,0,0,0,0,0,0,0,0,0,0,0,0,0,0,0,0,0,0,0,0,0,0,0,0,0,0,0,0,0,1800615.0
63,1394.0,257.0,6548.0,1161.0,0.0,0.0,0.0,0.0,5153.0,904.0,2928.0,318960.0,391102.0,848.0,1.059,801.0,0.0,0.0,0.0,468111.0,3140.0,468959.0,988158.0,0.0,64827.0,64827.0,5634.0,70461.0,66075.0,37.66506368,104123811.0,0,0,0,0,0,0,0,0,0,0,0,0,0,0,0,0,0,0,0,0,0,0,0,0,0,0,0,0,0,0,0,0,0,0,0,0,1,0,0,0,0,0,0,0,0,0,0,0,0,0,137275588.0
64,1481.0,273.0,7011.0,1242.0,0.0,0.0,0.0,0.0,5530.0,970.0,2839.0,352802.0,417834.0,700.0,1.062,659.0,0.0,0.0,0.0,501442.0,4827.0,502142.0,1041344.0,0.0,70785.0,70785.0,5813.0,76598.0,57366.0,38.79038331,137275588.0,0,0,0,0,0,0,0,0,0,0,0,0,0,0,0,0,0,0,0,0,0,0,0,0,0,0,0,0,0,0,0,0,0,0,0,0,1,0,0,0,0,0,0,0,0,0,0,0,0,0,3286698.0
65,1183.0,218.0,6587.0,1164.0,0.0,0.0,0.0,0.0,5404.0,947.0,2898.0,291255.0,358382.0,889.0,1.048,848.0,0.0,0.0,0.0,438941.0,2430.0,439830.0,971766.0,0.0,67931.0,67931.0,6041.0,73972.0,61799.0,37.89416845,6478283.0,0,0,0,0,0,0,0,0,0,0,0,0,0,0,0,0,0,0,0,0,0,0,0,0,0,0,0,0,0,0,0,0,0,0,0,0,1,0,0,0,0,0,0,0,0,0,0,0,0,0,104123811.0
66,8675.0,1597.0,88369.0,15575.0,309088.0,24.601,12564.0,5.722,79695.0,13978.0,3435.0,4619.0,21425.0,1647241.0,1.146,1437285.0,175893.0,123595.0,21600.0,166682.0,1874.0,2422499.0,3667777.0,0.0,41902.0,41902.0,14986.0,56888.0,11497.0,205.3227286,775584.0,0,0,0,0,0,0,0,0,0,0,0,0,0,0,0,0,0,0,0,0,0,0,0,0,0,0,0,0,0,0,0,0,0,0,1,0,0,0,0,0,0,0,0,0,0,0,0,0,0,0,10274821.0
67,9117.0,1678.0,92214.0,16251.0,233560.0,24.614,9489.0,5.723,83098.0,14573.0,3435.0,2555.0,23060.0,2009410.0,1.122,1791359.0,184997.0,114517.0,20010.0,167037.0,2435.0,2709522.0,3616508.0,0.0,36933.0,36933.0,14829.0,51762.0,14635.0,205.0608887,10274821.0,0,0,0,0,0,0,0,0,0,0,0,0,0,0,0,0,0,0,0,0,0,0,0,0,0,0,0,0,0,0,0,0,0,0,1,0,0,0,0,0,0,0,0,0,0,0,0,0,0,0,6168918.0
68,6914.0,1273.0,84018.0,14780.0,417682.0,24.51,17041.0,5.717,77105.0,13507.0,3435.0,4256.0,20579.0,1171552.0,1.163,1007270.0,181726.0,152650.0,26701.0,164904.0,1678.0,2088513.0,3708157.0,0.0,45462.0,45462.0,14845.0,60307.0,11211.0,211.1966253,2513363.0,0,0,0,0,0,0,0,0,0,0,0,0,0,0,0,0,0,0,0,0,0,0,0,0,0,0,0,0,0,0,0,0,0,0,1,0,0,0,0,0,0,0,0,0,0,0,0,0,0,0,775584.0
69,171.0,31.0,67755.0,11885.0,617.0,23.051,27.0,5.722,67585.0,11854.0,974.0,282.0,131653.0,281646.0,1.151,244795.0,86245.0,217116.0,37944.0,205800.0,125.0,791424.0,1092806.0,0.0,3973.0,3973.0,2418.0,6391.0,130272.0,62.60936987,1440764.0,0,0,0,0,0,0,0,0,0,0,0,0,0,0,0,1,0,0,0,0,0,0,0,0,0,0,0,0,0,0,0,0,0,0,0,0,0,0,0,0,0,0,0,0,0,0,0,0,0,0,1454281.0
70,147.0,27.0,69485.0,12187.0,0.0,0.0,0.0,5.723,69338.0,12160.0,974.0,269.0,172818.0,257200.0,1.171,219639.0,111367.0,205026.0,35825.0,248533.0,231.0,822127.0,1075697.0,0.0,3566.0,3566.0,2664.0,6230.0,171344.0,59.03202784,1454281.0,0,0,0,0,0,0,0,0,0,0,0,0,0,0,0,1,0,0,0,0,0,0,0,0,0,0,0,0,0,0,0,0,0,0,0,0,0,0,0,0,0,0,0,0,0,0,0,0,0,0,1041662.0
71,288.0,53.0,66484.0,11649.0,4387.0,22.026,199.0,5.717,66196.0,11596.0,974.0,177.0,103733.0,318548.0,1.121,284184.0,90254.0,260015.0,45481.0,177374.0,87.0,850580.0,1101677.0,0.0,4487.0,4487.0,2671.0,7158.0,102495.0,64.51256023,2548830.0,0,0,0,0,0,0,0,0,0,0,0,0,0,0,0,1,0,0,0,0,0,0,0,0,0,0,0,0,0,0,0,0,0,0,0,0,0,0,0,0,0,0,0,0,0,0,0,0,0,0,1440764.0
72,0.0,0.0,0.0,0.0,310453.0,22.223,13970.0,5.722,0.0,0.0,5287.0,7012.0,31057.0,401909.0,1.1,365269.0,0.0,174681.0,30528.0,36562.0,11167.0,923606.0,807711.0,0.0,3981.0,3981.0,1523.0,5504.0,7591.0,58.82516698,612804.0,0,0,0,0,0,0,0,0,0,0,0,0,0,0,0,0,0,0,0,0,0,0,0,0,0,0,0,0,0,0,0,0,0,0,0,0,0,0,0,0,0,0,0,1,0,0,0,0,0,0,15437033.0
73,0.0,0.0,0.0,0.0,317768.0,22.182,14326.0,5.723,0.0,0.0,5239.0,11919.0,48162.0,346868.0,1.1,315211.0,0.0,197089.0,34438.0,53282.0,23097.0,915007.0,827453.0,0.0,3910.0,3910.0,1211.0,5120.0,7907.0,59.03113555,15437033.0,0,0,0,0,0,0,0,0,0,0,0,0,0,0,0,0,0,0,0,0,0,0,0,0,0,0,0,0,0,0,0,0,0,0,0,0,0,0,0,0,0,0,0,1,0,0,0,0,0,0,668749.0
74,9.0,2.0,9.0,2.0,325216.0,22.555,14419.0,5.717,0.0,0.0,4811.0,7164.0,18788.0,461219.0,1.106,417020.0,0.0,212307.0,37136.0,23993.0,980.0,1022734.0,798313.0,0.0,3765.0,3765.0,1430.0,5195.0,5833.0,63.61302159,1243588.0,0,0,0,0,0,0,0,0,0,0,0,0,0,0,0,0,0,0,0,0,0,0,0,0,0,0,0,0,0,0,0,0,0,0,0,0,0,0,0,0,0,0,0,1,0,0,0,0,0,0,612804.0
75,0.0,0.0,154087.0,27026.0,0.0,0.0,0.0,5.722,154087.0,27026.0,1868.0,44365.0,80538.0,511.0,1.124,455.0,0.0,8045.0,1406.0,237289.0,15.0,245846.0,388097.0,0.0,2146.0,2146.0,519.0,2665.0,34290.0,14.80376576,76031784.0,0,0,0,0,0,0,0,0,0,0,0,0,0,0,0,0,0,0,0,0,0,0,0,0,0,0,0,0,0,0,0,0,0,0,0,0,0,0,0,0,1,0,0,0,0,0,0,0,0,0,3225820.0
76,0.0,0.0,160796.0,28199.0,0.0,0.0,0.0,5.723,160796.0,28199.0,1868.0,48419.0,77574.0,531.0,1.115,476.0,0.0,7463.0,1304.0,241029.0,32.0,249023.0,394141.0,0.0,2116.0,2116.0,544.0,2660.0,27255.0,14.65586638,3225820.0,0,0,0,0,0,0,0,0,0,0,0,0,0,0,0,0,0,0,0,0,0,0,0,0,0,0,0,0,0,0,0,0,0,0,0,0,0,0,0,0,1,0,0,0,0,0,0,0,0,0,3826069.0
77,0.0,0.0,152177.0,26658.0,0.0,0.0,0.0,5.717,152177.0,26658.0,1868.0,45202.0,70354.0,614.0,1.111,552.0,0.0,9507.0,1663.0,225499.0,10.0,235620.0,389999.0,0.0,2545.0,2545.0,424.0,2968.0,23274.0,14.13943764,3577721.0,0,0,0,0,0,0,0,0,0,0,0,0,0,0,0,0,0,0,0,0,0,0,0,0,0,0,0,0,0,0,0,0,0,0,0,0,0,0,0,0,1,0,0,0,0,0,0,0,0,0,76031784.0
78,0.0,0.0,0.0,0.0,246549.0,18.48,13341.0,5.722,0.0,0.0,499.0,1366.0,43741.0,1422598.0,1.157,1229647.0,0.0,839040.0,146634.0,54822.0,8591.0,2563009.0,673638.0,0.0,10673.0,10673.0,407.0,11080.0,33285.0,48.84541366,2015514.0,0,0,0,0,0,0,0,0,0,0,0,0,0,0,0,0,0,0,0,0,0,0,0,0,0,0,0,0,0,0,1,0,0,0,0,0,0,0,0,0,0,0,0,0,0,0,0,0,0,0,5893114.0
79,0.0,0.0,0.0,0.0,257710.0,18.616,13844.0,5.723,0.0,0.0,487.0,1780.0,57673.0,1506770.0,1.159,1299732.0,0.0,986514.0,172377.0,67408.0,13076.0,2818402.0,684366.0,0.0,9312.0,9312.0,423.0,9735.0,42330.0,49.62030346,5893114.0,0,0,0,0,0,0,0,0,0,0,0,0,0,0,0,0,0,0,0,0,0,0,0,0,0,0,0,0,0,0,1,0,0,0,0,0,0,0,0,0,0,0,0,0,0,0,0,0,0,0,755535.0
80,0.0,0.0,0.0,0.0,357525.0,18.168,19679.0,5.717,0.0,0.0,458.0,927.0,28119.0,1436329.0,1.154,1245145.0,0.0,846659.0,148095.0,38811.0,7257.0,2679324.0,681082.0,0.0,10131.0,10131.0,561.0,10692.0,19477.0,50.69183199,1126396.0,0,0,0,0,0,0,0,0,0,0,0,0,0,0,0,0,0,0,0,0,0,0,0,0,0,0,0,0,0,0,1,0,0,0,0,0,0,0,0,0,0,0,0,0,0,0,0,0,0,0,2015514.0
81,5872.0,1081.0,32765.0,5798.0,0.0,0.0,0.0,5.722,26893.0,4717.0,107912.0,267194.0,767360.0,234094.0,1.142,205025.0,197754.0,1064744.0,186079.0,929692.0,267538.0,2426284.0,7647955.0,0.0,89236.0,89236.0,40332.0,129568.0,124715.0,353.3561319,59755992.0,0,0,0,0,1,0,0,0,0,0,0,0,0,0,0,0,0,0,0,0,0,0,0,0,0,0,0,0,0,0,0,0,0,0,0,0,0,0,0,0,0,0,0,0,0,0,0,0,0,0,30392556.0
82,5436.0,1001.0,34240.0,6052.0,0.0,0.0,0.0,5.723,28804.0,5051.0,108637.0,390292.0,957430.0,240221.0,1.131,212458.0,187227.0,992385.0,173403.0,1122218.0,340363.0,2542051.0,7766193.0,0.0,87833.0,87833.0,42714.0,130548.0,118138.0,356.5165476,30392556.0,0,0,0,0,1,0,0,0,0,0,0,0,0,0,0,0,0,0,0,0,0,0,0,0,0,0,0,0,0,0,0,0,0,0,0,0,0,0,0,0,0,0,0,0,0,0,0,0,0,0,28208367.0
83,4057.0,747.0,30601.0,5397.0,0.0,0.0,0.0,5.717,26544.0,4650.0,112878.0,128681.0,567365.0,271086.0,1.146,236648.0,193529.0,1150741.0,201284.0,737527.0,211839.0,2352883.0,7525491.0,0.0,98852.0,98852.0,40708.0,139561.0,113967.0,351.408516,30077512.0,0,0,0,0,1,0,0,0,0,0,0,0,0,0,0,0,0,0,0,0,0,0,0,0,0,0,0,0,0,0,0,0,0,0,0,0,0,0,0,0,0,0,0,0,0,0,0,0,0,0,59755992.0
84,425.0,78.0,425.0,78.0,0.0,0.0,0.0,0.0,0.0,0.0,967.0,40779.0,75202.0,0.0,0.0,0.0,447500.0,0.0,0.0,199520.0,33397.0,647020.0,2619589.0,17887.0,114422.0,96534.0,9472.0,123894.0,58.0,124.895788,190472938.0,0,0,0,0,0,0,0,0,0,0,0,0,0,0,0,0,0,0,0,0,0,0,0,0,0,0,0,0,0,0,0,0,1,0,0,0,0,0,0,0,0,0,0,0,0,0,0,0,0,0,235434075.0
85,222.0,41.0,222.0,41.0,0.0,0.0,0.0,0.0,0.0,0.0,967.0,35175.0,89578.0,0.0,0.0,0.0,443192.0,0.0,0.0,215578.0,49099.0,658771.0,2575147.0,17708.0,115730.0,98021.0,10048.0,125778.0,4337.0,121.1493749,235434075.0,0,0,0,0,0,0,0,0,0,0,0,0,0,0,0,0,0,0,0,0,0,0,0,0,0,0,0,0,0,0,0,0,1,0,0,0,0,0,0,0,0,0,0,0,0,0,0,0,0,0,141776088.0
86,256.0,47.0,256.0,47.0,0.0,0.0,0.0,0.0,0.0,0.0,967.0,44191.0,59028.0,0.0,0.0,0.0,440248.0,0.0,0.0,170008.0,13870.0,610256.0,2595919.0,0.0,101592.0,101592.0,9132.0,110724.0,0.0,124.7782841,202376181.0,0,0,0,0,0,0,0,0,0,0,0,0,0,0,0,0,0,0,0,0,0,0,0,0,0,0,0,0,0,0,0,0,1,0,0,0,0,0,0,0,0,0,0,0,0,0,0,0,0,0,190472938.0
87,0.0,0.0,0.0,0.0,0.0,0.0,0.0,5.722,0.0,0.0,32506.0,16518.0,85523.0,3.0,1.041,3.0,0.0,1585.0,277.0,88587.0,33324.0,90175.0,727193.0,0.0,2291.0,2291.0,773.0,3064.0,3175.0,39.97099675,54082.0,0,0,0,0,0,0,0,0,0,0,0,0,0,0,0,0,0,0,0,0,0,0,0,0,0,0,0,1,0,0,0,0,0,0,0,0,0,0,0,0,0,0,0,0,0,0,0,0,0,0,311016629.0
88,0.0,0.0,0.0,0.0,0.0,0.0,0.0,5.723,0.0,0.0,31876.0,16700.0,94965.0,3.0,1.039,3.0,0.0,1637.0,286.0,98128.0,43060.0,99768.0,757955.0,0.0,2320.0,2320.0,843.0,3163.0,3329.0,40.20696595,311016629.0,0,0,0,0,0,0,0,0,0,0,0,0,0,0,0,0,0,0,0,0,0,0,0,0,0,0,0,1,0,0,0,0,0,0,0,0,0,0,0,0,0,0,0,0,0,0,0,0,0,0,535889.0
89,0.0,0.0,0.0,0.0,0.0,0.0,0.0,5.717,0.0,0.0,30535.0,21099.0,72737.0,4.0,1.042,4.0,0.0,1606.0,281.0,75369.0,18216.0,76979.0,697627.0,0.0,2346.0,2346.0,286.0,2632.0,2886.0,38.5171354,790588.0,0,0,0,0,0,0,0,0,0,0,0,0,0,0,0,0,0,0,0,0,0,0,0,0,0,0,0,1,0,0,0,0,0,0,0,0,0,0,0,0,0,0,0,0,0,0,0,0,0,0,54082.0
90,0.0,0.0,0.0,0.0,0.0,0.0,0.0,0.0,0.0,0.0,430.0,0.0,1612.0,0.0,0.0,0.0,0.0,0.0,0.0,3105.0,1133.0,3105.0,280937.0,0.0,825.0,825.0,667.0,1493.0,49.0,14.41948129,502817.0,0,0,0,0,0,0,0,1,0,0,0,0,0,0,0,0,0,0,0,0,0,0,0,0,0,0,0,0,0,0,0,0,0,0,0,0,0,0,0,0,0,0,0,0,0,0,0,0,0,0,1636426.0
91,0.0,0.0,0.0,0.0,0.0,0.0,0.0,0.0,0.0,0.0,430.0,0.0,1830.0,0.0,0.0,0.0,0.0,0.0,0.0,3269.0,1354.0,3269.0,280044.0,0.0,748.0,748.0,692.0,1439.0,46.0,13.76698515,1636426.0,0,0,0,0,0,0,0,1,0,0,0,0,0,0,0,0,0,0,0,0,0,0,0,0,0,0,0,0,0,0,0,0,0,0,0,0,0,0,0,0,0,0,0,0,0,0,0,0,0,0,824222.0
92,0.0,0.0,0.0,0.0,0.0,0.0,0.0,0.0,0.0,0.0,430.0,0.0,1708.0,0.0,0.0,0.0,0.0,0.0,0.0,3517.0,1230.0,3517.0,284672.0,0.0,1044.0,1044.0,765.0,1809.0,48.0,13.9053954,1452666.0,0,0,0,0,0,0,0,1,0,0,0,0,0,0,0,0,0,0,0,0,0,0,0,0,0,0,0,0,0,0,0,0,0,0,0,0,0,0,0,0,0,0,0,0,0,0,0,0,0,0,502817.0
93,27.0,5.0,27.0,5.0,13942.0,14.957,932.0,5.722,0.0,0.0,186.0,15317.0,17081.0,369865.0,1.112,332749.0,0.0,1026401.0,179378.0,25155.0,14.0,1435363.0,593662.0,0.0,7636.0,7636.0,412.0,8048.0,1563.0,33.40561066,2247734.0,0,1,0,0,0,0,0,0,0,0,0,0,0,0,0,0,0,0,0,0,0,0,0,0,0,0,0,0,0,0,0,0,0,0,0,0,0,0,0,0,0,0,0,0,0,0,0,0,0,0,13509662.0
94,29.0,5.0,29.0,5.0,14365.0,14.978,959.0,5.723,0.0,0.0,186.0,15143.0,16655.0,382940.0,1.112,344385.0,0.0,1033270.0,180547.0,23620.0,20.0,1454196.0,601492.0,0.0,6501.0,6501.0,436.0,6937.0,1305.0,33.72913017,13509662.0,0,1,0,0,0,0,0,0,0,0,0,0,0,0,0,0,0,0,0,0,0,0,0,0,0,0,0,0,0,0,0,0,0,0,0,0,0,0,0,0,0,0,0,0,0,0,0,0,0,0,18236626.0
95,21.0,4.0,21.0,4.0,17747.0,15.073,1177.0,5.717,0.0,0.0,186.0,14621.0,16298.0,380887.0,1.108,343625.0,0.0,1007501.0,176229.0,23807.0,3.0,1429942.0,614242.0,0.0,6865.0,6865.0,622.0,7488.0,1488.0,35.0278036,3345612.0,0,1,0,0,0,0,0,0,0,0,0,0,0,0,0,0,0,0,0,0,0,0,0,0,0,0,0,0,0,0,0,0,0,0,0,0,0,0,0,0,0,0,0,0,0,0,0,0,0,0,2247734.0
96,0.0,0.0,0.0,0.0,5169939.0,17.394,297218.0,5.722,0.0,0.0,663.0,8987.0,50206.0,1878141.0,1.129,1662909.0,0.0,415795.0,72666.0,54565.0,33.0,7518440.0,504984.0,0.0,4357.0,4357.0,2.0,4358.0,40522.0,61.25999315,1359346.0,0,0,0,0,0,0,0,0,0,0,0,0,0,0,0,0,0,0,0,0,0,0,0,0,0,0,0,0,0,0,0,0,0,0,0,0,0,0,0,0,0,0,0,0,0,0,0,0,0,1,413987.0
97,0.0,0.0,0.0,0.0,5516757.0,17.433,316454.0,5.723,0.0,0.0,663.0,10352.0,50867.0,1788258.0,1.125,1590059.0,0.0,433655.0,75774.0,55916.0,45.0,7794586.0,534840.0,0.0,5049.0,5049.0,0.0,5049.0,39806.0,62.79648656,413987.0,0,0,0,0,0,0,0,0,0,0,0,0,0,0,0,0,0,0,0,0,0,0,0,0,0,0,0,0,0,0,0,0,0,0,0,0,0,0,0,0,0,0,0,0,0,0,0,0,0,1,573639.0
98,0.0,0.0,1192.0,209.0,6538240.0,17.399,375773.0,5.717,1192.0,209.0,663.0,8091.0,43791.0,1998295.0,1.105,1808519.0,0.0,494355.0,86471.0,49887.0,27.0,9080777.0,507121.0,0.0,4904.0,4904.0,2.0,4905.0,35009.0,64.09286316,249960.0,0,0,0,0,0,0,0,0,0,0,0,0,0,0,0,0,0,0,0,0,0,0,0,0,0,0,0,0,0,0,0,0,0,0,0,0,0,0,0,0,0,0,0,0,0,0,0,0,0,1,1359346.0
99,0.0,0.0,0.0,0.0,38499.0,13.761,2798.0,5.722,0.0,0.0,1842.0,10183.0,13876.0,1893803.0,1.061,1784396.0,179391.0,328643.0,57435.0,154742.0,1851.0,2595078.0,4030644.0,6011.0,128495.0,122484.0,12371.0,140865.0,0.0,189.1398596,1499474.0,0,0,0,0,0,0,0,0,0,0,0,0,0,0,0,0,0,1,0,0,0,0,0,0,0,0,0,0,0,0,0,0,0,0,0,0,0,0,0,0,0,0,0,0,0,0,0,0,0,0,1216601.0
100,0.0,0.0,0.0,0.0,27892.0,13.419,2079.0,5.723,0.0,0.0,1842.0,8349.0,12149.0,2238355.0,1.046,2139829.0,161171.0,295015.0,51549.0,142086.0,1958.0,2864519.0,4208312.0,5951.0,116924.0,110973.0,13013.0,129937.0,0.0,193.3738211,1216601.0,0,0,0,0,0,0,0,0,0,0,0,0,0,0,0,0,0,1,0,0,0,0,0,0,0,0,0,0,0,0,0,0,0,0,0,0,0,0,0,0,0,0,0,0,0,0,0,0,0,0,764829.0
101,0.0,0.0,0.0,0.0,46879.0,13.633,3439.0,5.717,0.0,0.0,1842.0,9310.0,12672.0,1916410.0,1.062,1805197.0,160015.0,364396.0,63739.0,132249.0,1521.0,2619950.0,3911919.0,0.0,106587.0,106587.0,12990.0,119577.0,0.0,185.5592561,2312261.0,0,0,0,0,0,0,0,0,0,0,0,0,0,0,0,0,0,1,0,0,0,0,0,0,0,0,0,0,0,0,0,0,0,0,0,0,0,0,0,0,0,0,0,0,0,0,0,0,0,0,1499474.0
102,0.0,0.0,0.0,0.0,37859.0,23.431,1616.0,0.0,0.0,0.0,570.0,12853.0,25123.0,36.0,1.051,34.0,154377.0,0.0,0.0,48237.0,6834.0,240509.0,1386648.0,0.0,14188.0,14188.0,8927.0,23115.0,4866.0,60.46760995,1349074.0,0,0,0,0,0,0,0,0,0,0,0,0,0,0,0,0,0,0,0,1,0,0,0,0,0,0,0,0,0,0,0,0,0,0,0,0,0,0,0,0,0,0,0,0,0,0,0,0,0,0,6343700.0
103,0.0,0.0,0.0,0.0,42804.0,23.67,1808.0,0.0,0.0,0.0,570.0,18108.0,33197.0,34.0,1.047,32.0,158004.0,0.0,0.0,55339.0,9348.0,256180.0,1346703.0,0.0,12954.0,12954.0,9188.0,22142.0,5172.0,55.040273,6343700.0,0,0,0,0,0,0,0,0,0,0,0,0,0,0,0,0,0,0,0,1,0,0,0,0,0,0,0,0,0,0,0,0,0,0,0,0,0,0,0,0,0,0,0,0,0,0,0,0,0,0,2306029.0
104,0.0,0.0,0.0,0.0,45587.0,23.72,1922.0,0.0,0.0,0.0,570.0,15127.0,24122.0,40.0,1.055,38.0,153140.0,0.0,0.0,47614.0,4375.0,246381.0,1424201.0,0.0,14425.0,14425.0,9067.0,23492.0,4050.0,62.28032684,1890491.0,0,0,0,0,0,0,0,0,0,0,0,0,0,0,0,0,0,0,0,1,0,0,0,0,0,0,0,0,0,0,0,0,0,0,0,0,0,0,0,0,0,0,0,0,0,0,0,0,0,0,1349074.0
105,1300.0,239.0,40207.0,7063.0,0.0,0.0,0.0,5.722,38907.0,6824.0,5193.0,14442.0,64076.0,108450.0,1.063,102003.0,329999.0,32266.0,5639.0,216674.0,1089.0,687389.0,2806190.0,0.0,90056.0,90056.0,22336.0,112392.0,43351.0,154.5188531,1293489.0,0,0,0,0,0,0,0,0,0,0,0,0,0,0,0,0,0,0,0,0,0,1,0,0,0,0,0,0,0,0,0,0,0,0,0,0,0,0,0,0,0,0,0,0,0,0,0,0,0,0,1287282.0
106,1269.0,234.0,47787.0,8392.0,0.0,0.0,0.0,5.723,46518.0,8158.0,5193.0,15468.0,70181.0,102619.0,1.064,96451.0,338675.0,31597.0,5521.0,225919.0,1692.0,698809.0,2798055.0,0.0,85599.0,85599.0,22352.0,107951.0,47827.0,155.6806782,1287282.0,0,0,0,0,0,0,0,0,0,0,0,0,0,0,0,0,0,0,0,0,0,1,0,0,0,0,0,0,0,0,0,0,0,0,0,0,0,0,0,0,0,0,0,0,0,0,0,0,0,0,936266.0
107,712.0,131.0,39033.0,6844.0,0.0,0.0,0.0,5.717,38321.0,6713.0,5193.0,13971.0,64720.0,114061.0,1.059,107664.0,306773.0,37504.0,6560.0,223234.0,853.0,681571.0,2826679.0,0.0,98215.0,98215.0,21266.0,119481.0,44702.0,164.4556231,3049845.0,0,0,0,0,0,0,0,0,0,0,0,0,0,0,0,0,0,0,0,0,0,1,0,0,0,0,0,0,0,0,0,0,0,0,0,0,0,0,0,0,0,0,0,0,0,0,0,0,0,0,1293489.0
108,9572.0,1762.0,168756.0,29682.0,0.0,0.0,0.0,0.0,159184.0,27920.0,1075.0,11157.0,104583.0,0.0,0.0,0.0,144970.0,0.0,0.0,351303.0,645.0,496273.0,1838918.0,0.0,63244.0,63244.0,14720.0,77964.0,91706.0,91.10054342,16796366.0,0,0,0,0,0,0,0,0,0,0,0,0,0,0,0,0,0,0,0,0,0,0,1,0,0,0,0,0,0,0,0,0,0,0,0,0,0,0,0,0,0,0,0,0,0,0,0,0,0,0,2726558.0
109,8987.0,1654.0,171550.0,30163.0,0.0,0.0,0.0,0.0,162563.0,28509.0,1075.0,11587.0,121517.0,0.0,0.0,0.0,145426.0,0.0,0.0,363504.0,6247.0,508930.0,1862210.0,0.0,56284.0,56284.0,14153.0,70437.0,102608.0,91.27720044,2726558.0,0,0,0,0,0,0,0,0,0,0,0,0,0,0,0,0,0,0,0,0,0,0,1,0,0,0,0,0,0,0,0,0,0,0,0,0,0,0,0,0,0,0,0,0,0,0,0,0,0,0,55322766.0
110,7761.0,1429.0,165989.0,29147.0,0.0,0.0,0.0,0.0,158228.0,27718.0,1075.0,7912.0,100589.0,0.0,0.0,0.0,125900.0,0.0,0.0,345949.0,473.0,471848.0,1813635.0,0.0,65241.0,65241.0,14129.0,79370.0,91129.0,89.33099915,3292766.0,0,0,0,0,0,0,0,0,0,0,0,0,0,0,0,0,0,0,0,0,0,0,1,0,0,0,0,0,0,0,0,0,0,0,0,0,0,0,0,0,0,0,0,0,0,0,0,0,0,0,16796366.0
111,427.0,79.0,3632.0,641.0,335590.0,25.12,13359.0,5.722,3205.0,562.0,1701.0,13585.0,16391.0,126663.0,1.053,120288.0,310966.0,40.0,7.0,139807.0,1105.0,913066.0,2420341.0,7829.0,100463.0,92635.0,19320.0,119784.0,0.0,110.0640459,853133.0,0,0,0,0,0,0,0,0,0,0,0,0,0,0,0,0,0,0,0,0,0,0,0,0,0,0,0,0,0,0,0,0,0,0,0,0,0,0,0,0,0,0,0,0,0,1,0,0,0,0,5764689.0
112,440.0,81.0,7654.0,1346.0,343642.0,25.079,13702.0,5.723,7215.0,1265.0,1701.0,10285.0,16020.0,121571.0,1.053,115452.0,319562.0,40.0,7.0,140979.0,4034.0,925794.0,2401427.0,7750.0,101834.0,94084.0,15470.0,117304.0,0.0,105.5838769,5764689.0,0,0,0,0,0,0,0,0,0,0,0,0,0,0,0,0,0,0,0,0,0,0,0,0,0,0,0,0,0,0,0,0,0,0,0,0,0,0,0,0,0,0,0,0,0,1,0,0,0,0,2735678.0
113,259.0,48.0,6036.0,1060.0,365832.0,25.546,14321.0,5.717,5777.0,1012.0,1701.0,10795.0,13300.0,134220.0,1.052,127586.0,293455.0,63.0,11.0,137589.0,803.0,931160.0,2440821.0,0.0,97882.0,97882.0,20371.0,118254.0,0.0,107.6199041,2446464.0,0,0,0,0,0,0,0,0,0,0,0,0,0,0,0,0,0,0,0,0,0,0,0,0,0,0,0,0,0,0,0,0,0,0,0,0,0,0,0,0,0,0,0,0,0,1,0,0,0,0,853133.0
114,38419.0,7071.0,585659.0,103054.0,0.0,0.0,0.0,0.0,547240.0,95983.0,1281.0,8464.0,195637.0,0.0,0.0,0.0,49185.0,0.0,0.0,801820.0,587.0,851005.0,1534622.0,0.0,6107.0,6107.0,14417.0,20524.0,185305.0,73.98337008,4220545.0,0,0,0,0,0,0,0,0,0,0,0,0,0,0,1,0,0,0,0,0,0,0,0,0,0,0,0,0,0,0,0,0,0,0,0,0,0,0,0,0,0,0,0,0,0,0,0,0,0,0,6233820.0
115,36996.0,6810.0,610395.0,107368.0,0.0,0.0,0.0,0.0,573399.0,100558.0,1281.0,9526.0,208620.0,0.0,0.0,0.0,54528.0,0.0,0.0,837092.0,905.0,891620.0,1572298.0,0.0,5936.0,5936.0,12140.0,18077.0,196907.0,76.30357904,6233820.0,0,0,0,0,0,0,0,0,0,0,0,0,0,0,1,0,0,0,0,0,0,0,0,0,0,0,0,0,0,0,0,0,0,0,0,0,0,0,0,0,0,0,0,0,0,0,0,0,0,0,8883799.0
116,31304.0,5762.0,568234.0,99820.0,0.0,0.0,0.0,0.0,536929.0,94058.0,1281.0,8948.0,177203.0,0.0,0.0,0.0,54836.0,0.0,0.0,766862.0,419.0,821698.0,1507520.0,0.0,6967.0,6967.0,14458.0,21425.0,166555.0,77.41573961,5552396.0,0,0,0,0,0,0,0,0,0,0,0,0,0,0,1,0,0,0,0,0,0,0,0,0,0,0,0,0,0,0,0,0,0,0,0,0,0,0,0,0,0,0,0,0,0,0,0,0,0,0,4220545.0
117,4466.0,822.0,4466.0,822.0,14440.0,22.072,654.0,5.722,0.0,0.0,24.0,23758.0,209175.0,2864577.0,1.161,2468312.0,0.0,885142.0,154691.0,243569.0,115.0,4007728.0,1624919.0,0.0,22216.0,22216.0,7712.0,29928.0,185278.0,96.1010241,1341097.0,0,0,0,0,0,0,0,0,0,0,0,0,0,0,0,0,0,0,0,0,0,0,0,0,0,0,0,0,0,0,0,0,0,0,0,1,0,0,0,0,0,0,0,0,0,0,0,0,0,0,2449186.0
118,4644.0,855.0,4644.0,855.0,12590.0,22.428,561.0,5.723,0.0,0.0,24.0,18760.0,236582.0,2936597.0,1.168,2513896.0,0.0,949291.0,165873.0,274848.0,382.0,4173327.0,1647508.0,0.0,28016.0,28016.0,5606.0,33622.0,217416.0,93.44516627,2449186.0,0,0,0,0,0,0,0,0,0,0,0,0,0,0,0,0,0,0,0,0,0,0,0,0,0,0,0,0,0,0,0,0,0,0,0,1,0,0,0,0,0,0,0,0,0,0,0,0,0,0,1495639.0
119,3486.0,642.0,3486.0,642.0,17422.0,22.33,780.0,5.717,0.0,0.0,24.0,24825.0,155674.0,2880137.0,1.152,2499599.0,0.0,949416.0,166069.0,187199.0,71.0,4034174.0,1625556.0,0.0,22227.0,22227.0,5812.0,28038.0,130754.0,100.2883311,1677872.0,0,0,0,0,0,0,0,0,0,0,0,0,0,0,0,0,0,0,0,0,0,0,0,0,0,0,0,0,0,0,0,0,0,0,0,1,0,0,0,0,0,0,0,0,0,0,0,0,0,0,1341097.0
120,56.0,10.0,56.0,10.0,0.0,0.0,0.0,0.0,0.0,0.0,859.0,6578.0,26927.0,0.0,0.0,0.0,56628.0,0.0,0.0,65616.0,17495.0,122244.0,1426034.0,0.0,18928.0,18928.0,19705.0,38633.0,1995.0,64.08973529,841616.0,0,0,0,0,0,0,0,0,0,0,0,0,0,0,0,0,0,0,0,0,1,0,0,0,0,0,0,0,0,0,0,0,0,0,0,0,0,0,0,0,0,0,0,0,0,0,0,0,0,0,5852232.0
121,110.0,20.0,110.0,20.0,0.0,0.0,0.0,0.0,0.0,0.0,859.0,9558.0,34093.0,0.0,0.0,0.0,52788.0,0.0,0.0,68467.0,21532.0,121256.0,1431083.0,0.0,14920.0,14920.0,19345.0,34264.0,2143.0,64.71316897,5852232.0,0,0,0,0,0,0,0,0,0,0,0,0,0,0,0,0,0,0,0,0,1,0,0,0,0,0,0,0,0,0,0,0,0,0,0,0,0,0,0,0,0,0,0,0,0,0,0,0,0,0,3360964.0
122,36.0,7.0,36.0,7.0,0.0,0.0,0.0,0.0,0.0,0.0,859.0,7709.0,23103.0,0.0,0.0,0.0,52236.0,0.0,0.0,62787.0,12535.0,115022.0,1468270.0,0.0,20876.0,20876.0,18772.0,39648.0,2000.0,66.74652168,4240538.0,0,0,0,0,0,0,0,0,0,0,0,0,0,0,0,0,0,0,0,0,1,0,0,0,0,0,0,0,0,0,0,0,0,0,0,0,0,0,0,0,0,0,0,0,0,0,0,0,0,0,841616.0
123,5377.0,990.0,5377.0,990.0,974.0,19.705,49.0,5.722,0.0,0.0,808.0,32958.0,34139.0,839485.0,1.02,823196.0,140370.0,31580.0,5519.0,115419.0,372.0,1127828.0,1053706.0,0.0,70786.0,70786.0,5118.0,75904.0,0.0,62.12624984,4637664.0,0,0,0,1,0,0,0,0,0,0,0,0,0,0,0,0,0,0,0,0,0,0,0,0,0,0,0,0,0,0,0,0,0,0,0,0,0,0,0,0,0,0,0,0,0,0,0,0,0,0,2069460.0
124,6760.0,1244.0,6760.0,1244.0,832.0,19.472,43.0,5.723,0.0,0.0,808.0,27117.0,28367.0,708482.0,1.02,694676.0,132736.0,30263.0,5288.0,116692.0,442.0,989005.0,1057701.0,5455.0,77206.0,71751.0,4359.0,81565.0,0.0,64.17625679,2069460.0,0,0,0,1,0,0,0,0,0,0,0,0,0,0,0,0,0,0,0,0,0,0,0,0,0,0,0,0,0,0,0,0,0,0,0,0,0,0,0,0,0,0,0,0,0,0,0,0,0,0,79970512.0
125,4429.0,815.0,4429.0,815.0,1819.0,19.893,91.0,5.717,0.0,0.0,808.0,33261.0,34194.0,1031466.0,1.021,1010382.0,144716.0,35611.0,6229.0,117840.0,124.0,1331452.0,1062359.0,0.0,75417.0,75417.0,3799.0,79217.0,0.0,59.05336455,13453887.0,0,0,0,1,0,0,0,0,0,0,0,0,0,0,0,0,0,0,0,0,0,0,0,0,0,0,0,0,0,0,0,0,0,0,0,0,0,0,0,0,0,0,0,0,0,0,0,0,0,0,4637664.0
126,1246.0,229.0,1246.0,229.0,0.0,0.0,0.0,0.0,0.0,0.0,466.0,88.0,23007.0,0.0,0.0,0.0,312569.0,0.0,0.0,46546.0,22261.0,359115.0,2140838.0,0.0,5994.0,5994.0,16299.0,22293.0,192.0,105.6200444,597439.0,0,0,0,0,0,0,0,0,0,0,0,0,0,0,0,0,0,0,0,0,0,0,0,0,0,0,0,0,0,1,0,0,0,0,0,0,0,0,0,0,0,0,0,0,0,0,0,0,0,0,881961.0
127,191.0,35.0,191.0,35.0,0.0,0.0,0.0,0.0,0.0,0.0,466.0,126.0,26428.0,0.0,0.0,0.0,355948.0,0.0,0.0,45602.0,25630.0,401550.0,2089145.0,0.0,3044.0,3044.0,15938.0,18982.0,207.0,99.35210038,881961.0,0,0,0,0,0,0,0,0,0,0,0,0,0,0,0,0,0,0,0,0,0,0,0,0,0,0,0,0,0,1,0,0,0,0,0,0,0,0,0,0,0,0,0,0,0,0,0,0,0,0,852979.0
128,1191.0,219.0,1191.0,219.0,0.0,0.0,0.0,0.0,0.0,0.0,466.0,89.0,21721.0,0.0,0.0,0.0,347851.0,0.0,0.0,45205.0,20966.0,393056.0,2183497.0,0.0,6465.0,6465.0,15827.0,22292.0,201.0,103.6600002,1130951.0,0,0,0,0,0,0,0,0,0,0,0,0,0,0,0,0,0,0,0,0,0,0,0,0,0,0,0,0,0,1,0,0,0,0,0,0,0,0,0,0,0,0,0,0,0,0,0,0,0,0,597439.0
129,399.0,73.0,399.0,73.0,0.0,0.0,0.0,0.0,0.0,0.0,29.0,10574.0,15141.0,0.0,0.0,0.0,112551.0,0.0,0.0,56290.0,547.0,168841.0,307290.0,0.0,36335.0,36335.0,4415.0,40750.0,3991.0,13.81151032,3111505.0,0,0,0,0,0,0,0,0,0,0,0,0,0,0,0,0,0,0,0,0,0,0,0,0,0,0,0,0,1,0,0,0,0,0,0,0,0,0,0,0,0,0,0,0,0,0,0,0,0,0,1307930.0
130,245.0,45.0,245.0,45.0,0.0,0.0,0.0,0.0,0.0,0.0,29.0,13022.0,17718.0,0.0,0.0,0.0,104493.0,0.0,0.0,59871.0,875.0,164364.0,317785.0,0.0,37268.0,37268.0,4640.0,41908.0,3792.0,13.51181074,1307930.0,0,0,0,0,0,0,0,0,0,0,0,0,0,0,0,0,0,0,0,0,0,0,0,0,0,0,0,0,1,0,0,0,0,0,0,0,0,0,0,0,0,0,0,0,0,0,0,0,0,0,636384.0
131,262.0,48.0,262.0,48.0,0.0,0.0,0.0,0.0,0.0,0.0,29.0,11837.0,16105.0,0.0,0.0,0.0,99186.0,0.0,0.0,61342.0,292.0,160528.0,316649.0,0.0,40598.0,40598.0,4377.0,44976.0,3947.0,15.27856723,1371086.0,0,0,0,0,0,0,0,0,0,0,0,0,0,0,0,0,0,0,0,0,0,0,0,0,0,0,0,0,1,0,0,0,0,0,0,0,0,0,0,0,0,0,0,0,0,0,0,0,0,0,3111505.0
132,1496.0,275.0,1496.0,275.0,0.0,0.0,0.0,0.0,0.0,0.0,21.0,2069.0,6336.0,0.0,0.0,0.0,173363.0,0.0,0.0,34249.0,4128.0,207612.0,724686.0,0.0,14933.0,14933.0,11485.0,26418.0,118.0,34.09544003,962061.0,0,0,0,0,0,0,1,0,0,0,0,0,0,0,0,0,0,0,0,0,0,0,0,0,0,0,0,0,0,0,0,0,0,0,0,0,0,0,0,0,0,0,0,0,0,0,0,0,0,0,788599.0
133,1379.0,254.0,1379.0,254.0,0.0,0.0,0.0,0.0,0.0,0.0,21.0,3060.0,8284.0,0.0,0.0,0.0,172570.0,0.0,0.0,32888.0,5086.0,205458.0,728349.0,0.0,12683.0,12683.0,10543.0,23225.0,117.0,33.8574222,788599.0,0,0,0,0,0,0,1,0,0,0,0,0,0,0,0,0,0,0,0,0,0,0,0,0,0,0,0,0,0,0,0,0,0,0,0,0,0,0,0,0,0,0,0,0,0,0,0,0,0,0,1486681.0
134,715.0,132.0,715.0,132.0,0.0,0.0,0.0,0.0,0.0,0.0,21.0,2819.0,5792.0,0.0,0.0,0.0,182083.0,0.0,0.0,33234.0,2952.0,215318.0,756746.0,0.0,15661.0,15661.0,11067.0,26728.0,0.0,36.32904924,1340702.0,0,0,0,0,0,0,1,0,0,0,0,0,0,0,0,0,0,0,0,0,0,0,0,0,0,0,0,0,0,0,0,0,0,0,0,0,0,0,0,0,0,0,0,0,0,0,0,0,0,0,962061.0
135,1906.0,351.0,1906.0,351.0,247632.0,25.68,9643.0,5.722,0.0,0.0,141.0,64484.0,65056.0,176290.0,1.07,164815.0,417334.0,46417.0,8112.0,230734.0,431.0,1118407.0,1922727.0,0.0,162166.0,162166.0,1606.0,163772.0,0.0,113.9837834,1206793.0,1,0,0,0,0,0,0,0,0,0,0,0,0,0,0,0,0,0,0,0,0,0,0,0,0,0,0,0,0,0,0,0,0,0,0,0,0,0,0,0,0,0,0,0,0,0,0,0,0,0,2414699.0
136,1585.0,292.0,1585.0,292.0,326748.0,25.407,12861.0,5.723,0.0,0.0,141.0,85103.0,87057.0,159686.0,1.064,150038.0,446097.0,39100.0,6832.0,258549.0,1812.0,1230179.0,1904206.0,1137.0,168195.0,167058.0,1712.0,169907.0,0.0,108.5943783,2414699.0,1,0,0,0,0,0,0,0,0,0,0,0,0,0,0,0,0,0,0,0,0,0,0,0,0,0,0,0,0,0,0,0,0,0,0,0,0,0,0,0,0,0,0,0,0,0,0,0,0,0,1844186.0
137,1933.0,356.0,1933.0,356.0,331420.0,25.122,13193.0,5.717,0.0,0.0,141.0,91902.0,92144.0,182481.0,1.085,168246.0,438728.0,55421.0,9694.0,258955.0,101.0,1267004.0,1917138.0,0.0,163313.0,163313.0,1565.0,164877.0,0.0,119.2008893,1864412.0,1,0,0,0,0,0,0,0,0,0,0,0,0,0,0,0,0,0,0,0,0,0,0,0,0,0,0,0,0,0,0,0,0,0,0,0,0,0,0,0,0,0,0,0,0,0,0,0,0,0,1206793.0
138,3464.0,638.0,282138.0,49516.0,0.0,0.0,0.0,5.722,278674.0,48878.0,1212.0,7906.0,44275.0,557.0,1.059,526.0,97798.0,12560.0,2195.0,330919.0,90.0,441834.0,870370.0,0.0,2843.0,2843.0,1663.0,4506.0,35067.0,48.35090988,4011050.0,0,0,0,0,0,0,0,0,0,0,0,0,0,0,0,0,0,0,0,0,0,0,0,0,0,0,1,0,0,0,0,0,0,0,0,0,0,0,0,0,0,0,0,0,0,0,0,0,0,0,3743400.0
139,6295.0,1159.0,290063.0,50924.0,0.0,0.0,0.0,5.723,283769.0,49765.0,1212.0,13719.0,61990.0,483.0,1.061,455.0,72300.0,11978.0,2093.0,355970.0,220.0,440731.0,873303.0,0.0,2330.0,2330.0,1587.0,3917.0,46840.0,47.87762064,3743400.0,0,0,0,0,0,0,0,0,0,0,0,0,0,0,0,0,0,0,0,0,0,0,0,0,0,0,1,0,0,0,0,0,0,0,0,0,0,0,0,0,0,0,0,0,0,0,0,0,0,0,4330170.0
140,126.0,23.0,266404.0,46669.0,0.0,0.0,0.0,5.717,266278.0,46646.0,1212.0,15702.0,46594.0,504.0,1.057,477.0,107976.0,15419.0,2697.0,317158.0,41.0,441057.0,857967.0,0.0,2958.0,2958.0,1203.0,4161.0,29639.0,50.71057586,3396859.0,0,0,0,0,0,0,0,0,0,0,0,0,0,0,0,0,0,0,0,0,0,0,0,0,0,0,1,0,0,0,0,0,0,0,0,0,0,0,0,0,0,0,0,0,0,0,0,0,0,0,4011050.0
141,60.0,11.0,60.0,11.0,0.0,0.0,0.0,0.0,0.0,0.0,72.0,27693.0,43575.0,0.0,0.0,0.0,0.0,0.0,0.0,141943.0,418.0,141943.0,392025.0,0.0,94739.0,94739.0,3570.0,98309.0,15391.0,16.15310799,795948.0,0,0,0,0,0,0,0,0,0,0,0,0,0,0,0,0,0,0,1,0,0,0,0,0,0,0,0,0,0,0,0,0,0,0,0,0,0,0,0,0,0,0,0,0,0,0,0,0,0,0,2223059.0
142,55.0,10.0,55.0,10.0,0.0,0.0,0.0,0.0,0.0,0.0,72.0,31221.0,53363.0,0.0,0.0,0.0,0.0,0.0,0.0,148038.0,577.0,148038.0,384730.0,0.0,91105.0,91105.0,3515.0,94619.0,21493.0,15.37643854,2223059.0,0,0,0,0,0,0,0,0,0,0,0,0,0,0,0,0,0,0,1,0,0,0,0,0,0,0,0,0,0,0,0,0,0,0,0,0,0,0,0,0,0,0,0,0,0,0,0,0,0,0,2491389.0
143,43.0,8.0,43.0,8.0,0.0,0.0,0.0,0.0,0.0,0.0,72.0,31317.0,43787.0,0.0,0.0,0.0,0.0,0.0,0.0,161418.0,323.0,161418.0,424754.0,0.0,113815.0,113815.0,3773.0,117588.0,12075.0,16.67908857,2818563.0,0,0,0,0,0,0,0,0,0,0,0,0,0,0,0,0,0,0,1,0,0,0,0,0,0,0,0,0,0,0,0,0,0,0,0,0,0,0,0,0,0,0,0,0,0,0,0,0,0,0,795948.0
144,0.0,0.0,0.0,0.0,0.0,0.0,0.0,0.0,0.0,0.0,648.0,20551.0,21612.0,0.0,0.0,0.0,583883.0,0.0,0.0,131043.0,412.0,714927.0,1658202.0,6011.0,104947.0,98936.0,4484.0,109432.0,0.0,72.25720541,22430291.0,0,0,0,0,0,0,0,0,0,0,0,0,0,0,0,0,0,0,0,0,0,0,0,0,0,0,0,0,0,0,0,0,0,0,0,0,0,0,0,1,0,0,0,0,0,0,0,0,0,0,68063288.0
145,0.0,0.0,0.0,0.0,0.0,0.0,0.0,0.0,0.0,0.0,648.0,16906.0,19592.0,0.0,0.0,0.0,568390.0,0.0,0.0,132533.0,2037.0,700923.0,1647778.0,5951.0,108601.0,102650.0,4340.0,112941.0,0.0,69.96242998,68063288.0,0,0,0,0,0,0,0,0,0,0,0,0,0,0,0,0,0,0,0,0,0,0,0,0,0,0,0,0,0,0,0,0,0,0,0,0,0,0,0,1,0,0,0,0,0,0,0,0,0,0,64580916.0
146,328.0,60.0,328.0,60.0,0.0,0.0,0.0,0.0,0.0,0.0,648.0,23897.0,24686.0,0.0,0.0,0.0,555909.0,0.0,0.0,128618.0,140.0,684526.0,1663373.0,0.0,98906.0,98906.0,4698.0,103604.0,0.0,73.39880613,3065630.0,0,0,0,0,0,0,0,0,0,0,0,0,0,0,0,0,0,0,0,0,0,0,0,0,0,0,0,0,0,0,0,0,0,0,0,0,0,0,0,1,0,0,0,0,0,0,0,0,0,0,22430291.0
147,3.0,1.0,3.0,1.0,572787.0,17.714,32336.0,5.722,0.0,0.0,337.0,93082.0,113287.0,52130.0,1.088,47921.0,0.0,132625.0,23178.0,128095.0,110.0,885637.0,406422.0,0.0,14414.0,14414.0,392.0,14805.0,19758.0,31.13795175,2257495.0,0,0,0,0,0,0,0,0,0,0,0,0,0,0,0,0,0,0,0,0,0,0,0,0,0,1,0,0,0,0,0,0,0,0,0,0,0,0,0,0,0,0,0,0,0,0,0,0,0,0,1091494.0
148,2.0,0.0,2.0,0.0,624772.0,17.733,35232.0,5.723,0.0,0.0,337.0,100850.0,121314.0,50821.0,1.097,46311.0,0.0,118586.0,20721.0,136249.0,275.0,930429.0,422863.0,0.0,14543.0,14543.0,389.0,14933.0,19852.0,31.25081171,1091494.0,0,0,0,0,0,0,0,0,0,0,0,0,0,0,0,0,0,0,0,0,0,0,0,0,0,1,0,0,0,0,0,0,0,0,0,0,0,0,0,0,0,0,0,0,0,0,0,0,0,0,2449554.0
149,0.0,0.0,0.0,0.0,746222.0,17.825,41864.0,5.717,0.0,0.0,337.0,92144.0,110876.0,55943.0,1.089,51356.0,0.0,163249.0,28555.0,125018.0,85.0,1090432.0,403641.0,0.0,13759.0,13759.0,383.0,14143.0,18309.0,32.53164542,896759.0,0,0,0,0,0,0,0,0,0,0,0,0,0,0,0,0,0,0,0,0,0,0,0,0,0,1,0,0,0,0,0,0,0,0,0,0,0,0,0,0,0,0,0,0,0,0,0,0,0,0,2257495.0
